VisitID,Lat,Lon
1_2001-04-26_3,58.573433335000004,-134.92524165
1_2001-07-24_3,58.5752,-134.9263166
1_2002-03-25_3,58.5752,-134.9263166
1_2003-07-02_3,58.5752,-134.9263166
10_2001-04-26_3,58.5547222,-134.90222219999998
10_2001-08-02_3,58.5547222,-134.90222219999998
10_2002-03-25_3,58.5547222,-134.90222219999998
10_2002-07-25_3,58.5547222,-134.90222219999998
10_2003-03-22_3,58.5547222,-134.90222219999998
10_2003-07-01_3,58.5547222,-134.90222219999998
10_2004-03-21_3,58.5547222,-134.90222219999998
101_1998-08-13_3,58.25515,-134.9082
103_2000-06-04_3,57.37638889,-134.1836111
104_2000-06-04_3,57.38722222,-134.17611110000001
105_2000-06-04_3,57.36722222,-134.1377778
106_2000-06-04_3,57.33777778,-134.1222222
107_1999-07-16_3,55.36583333,-133.5855556
108_1999-07-16_3,55.358981480000004,-133.58768516666666
1083_2013-08-23_13,58.6851,-134.946467
1083_2013-09-21_13,58.6851,-134.946467
1083_2014-04-18_10,58.6851,-134.946467
1083_2014-05-15_10,58.6851,-134.946467
1083_2014-06-12_10,58.6851,-134.946467
1083_2014-07-16_10,58.6851,-134.946467
1083_2014-08-12_10,58.6851,-134.946467
1083_2014-09-10_10,58.6851,-134.946467
1083_2016-05-07_10,58.6851,-134.946467
1083_2016-05-07_13,58.6851,-134.946467
1083_2016-05-22_10,58.6851,-134.946467
1083_2016-05-22_13,58.6851,-134.946467
1083_2016-06-05_10,58.6851,-134.946467
1083_2016-06-05_13,58.6851,-134.946467
1083_2016-06-21_10,58.6851,-134.946467
1083_2016-06-21_13,58.6851,-134.946467
1083_2016-07-04_10,58.6851,-134.946467
1083_2016-07-04_13,58.6851,-134.946467
1083_2016-08-02_10,58.6851,-134.946467
1083_2016-08-02_13,58.6851,-134.946467
1083_2016-09-02_10,58.6851,-134.946467
1083_2016-09-02_13,58.6851,-134.946467
1083_2017-04-11_10,58.6851,-134.946467
1083_2017-04-11_13,58.6851,-134.946467
1083_2017-04-11_6,58.6851,-134.946467
1083_2017-04-27_10,58.6851,-134.946467
1083_2017-04-27_13,58.6851,-134.946467
1083_2017-04-27_6,58.6851,-134.946467
1083_2017-05-14_10,58.6851,-134.946467
1083_2017-05-14_13,58.6851,-134.946467
1083_2017-05-14_6,58.6851,-134.946467
1083_2017-05-26_10,58.6851,-134.946467
1083_2017-05-26_13,58.6851,-134.946467
1083_2017-05-26_6,58.6851,-134.946467
1083_2017-06-09_10,58.6851,-134.946467
1083_2017-06-09_13,58.6851,-134.946467
1083_2017-06-09_6,58.6851,-134.946467
1083_2017-06-24_10,58.6851,-134.946467
1083_2017-06-24_13,58.6851,-134.946467
1083_2017-06-24_6,58.6851,-134.946467
1083_2017-07-08_10,58.6851,-134.946467
1083_2017-07-08_13,58.6851,-134.946467
1083_2017-07-08_6,58.6851,-134.946467
1083_2017-08-08_10,58.6851,-134.946467
1083_2017-08-08_13,58.6851,-134.946467
1083_2017-08-08_6,58.6851,-134.946467
1083_2017-09-04_10,58.6851,-134.946467
1083_2017-09-04_13,58.6851,-134.946467
1083_2017-09-04_6,58.6851,-134.946467
1083_2019-04-06_13,58.6851,-134.946467
1083_2019-05-04_13,58.6851,-134.946467
1083_2019-06-03_13,58.6851,-134.946467
1083_2019-07-04_13,58.6851,-134.946467
1083_2019-08-04_13,58.6851,-134.946467
1083_2019-09-01_13,58.6851,-134.946467
1084_2013-08-22_13,58.5197,-134.85096
1084_2013-09-19_13,58.5197,-134.85096
1084_2014-04-16_10,58.5197,-134.85096
1084_2014-05-13_10,58.5197,-134.85096
1084_2014-06-13_10,58.5197,-134.85096
1084_2014-07-14_10,58.5197,-134.85096
1084_2014-08-11_10,58.5197,-134.85096
1084_2014-09-08_10,58.5197,-134.85096
1084_2015-05-21_10,58.5197,-134.85096
1084_2016-05-06_10,58.5197,-134.85096
1084_2016-05-06_13,58.5197,-134.85096
1084_2016-05-21_10,58.5197,-134.85096
1084_2016-05-21_13,58.5197,-134.85096
1084_2016-06-04_10,58.5197,-134.85096
1084_2016-06-04_13,58.5197,-134.85096
1084_2016-06-20_10,58.5197,-134.85096
1084_2016-06-20_13,58.5197,-134.85096
1084_2016-07-03_10,58.5197,-134.85096
1084_2016-07-03_13,58.5197,-134.85096
1084_2016-08-01_10,58.5197,-134.85096
1084_2016-08-01_13,58.5197,-134.85096
1084_2016-08-30_10,58.5197,-134.85096
1084_2017-04-10_10,58.5197,-134.85096
1084_2017-04-10_13,58.5197,-134.85096
1084_2017-04-10_6,58.5197,-134.85096
1084_2017-04-26_10,58.5197,-134.85096
1084_2017-04-26_13,58.5197,-134.85096
1084_2017-04-26_6,58.5197,-134.85096
1084_2017-05-13_10,58.5197,-134.85096
1084_2017-05-13_13,58.5197,-134.85096
1084_2017-05-13_6,58.5197,-134.85096
1084_2017-05-25_10,58.5197,-134.85096
1084_2017-05-25_13,58.5197,-134.85096
1084_2017-05-25_6,58.5197,-134.85096
1084_2017-06-08_10,58.5197,-134.85096
1084_2017-06-08_13,58.5197,-134.85096
1084_2017-06-08_6,58.5197,-134.85096
1084_2017-06-23_10,58.5197,-134.85096
1084_2017-06-23_13,58.5197,-134.85096
1084_2017-06-23_6,58.5197,-134.85096
1084_2017-07-09_13,58.5197,-134.85096
1084_2017-07-09_6,58.5197,-134.85096
1084_2017-08-07_10,58.5197,-134.85096
1084_2017-08-07_13,58.5197,-134.85096
1084_2017-08-07_6,58.5197,-134.85096
1084_2017-09-05_10,58.5197,-134.85096
1084_2017-09-05_13,58.5197,-134.85096
1084_2019-04-09_13,58.5197,-134.85096
1084_2019-05-03_13,58.5197,-134.85096
1084_2019-06-02_13,58.5197,-134.85096
1084_2019-07-01_13,58.5197,-134.85096
1084_2019-08-02_13,58.5197,-134.85096
1084_2019-08-31_13,58.5197,-134.85096
1085_2019-04-07_13,59.661817,-151.170433
1085_2019-05-06_13,59.661817,-151.170433
1085_2019-06-04_13,59.661817,-151.170433
1085_2019-07-03_13,59.661817,-151.170433
1085_2019-07-31_13,59.661817,-151.170433
1085_2019-08-31_13,59.661817,-151.170433
1085_2020-06-07_13,59.661817,-151.170433
1085_2020-07-03_13,59.661817,-151.170433
1085_2020-08-02_13,59.661817,-151.170433
1085_2020-09-17_13,59.661817,-151.170433
1086_2019-04-06_13,59.601417,-151.167483
1086_2019-05-07_13,59.601417,-151.167483
1086_2019-06-05_13,59.601417,-151.167483
1086_2019-07-02_13,59.601417,-151.167483
1086_2019-08-01_13,59.601417,-151.167483
1086_2019-08-31_13,59.601417,-151.167483
1086_2020-06-08_13,59.601417,-151.167483
1086_2020-07-07_13,59.601417,-151.167483
1086_2020-08-06_13,59.601417,-151.167483
1086_2020-09-19_13,59.601417,-151.167483
1087_2019-04-04_13,59.451013,-151.50602
1087_2019-05-04_13,59.451013,-151.50602
1087_2019-06-06_13,59.451013,-151.50602
1087_2019-07-05_13,59.451013,-151.50602
1087_2019-07-30_13,59.451013,-151.50602
1087_2019-08-29_13,59.451013,-151.50602
1087_2020-06-05_13,59.451013,-151.50602
1087_2020-07-05_13,59.451013,-151.50602
1087_2020-08-04_13,59.451013,-151.50602
1087_2020-09-15_13,59.451013,-151.50602
1088_2019-04-07_13,58.3453667,-134.524167
1088_2019-05-07_13,58.3453667,-134.524167
1088_2019-06-01_13,58.3453667,-134.524167
1088_2019-06-30_13,58.3453667,-134.524167
1088_2019-08-03_13,58.3453667,-134.524167
1088_2019-08-30_13,58.3453667,-134.524167
1089_2013-09-18_13,58.329233,-134.60845
1089_2014-04-17_10,58.329233,-134.60845
1089_2014-05-14_10,58.329233,-134.60845
1089_2014-06-16_10,58.329233,-134.60845
1089_2014-07-15_10,58.329233,-134.60845
1089_2014-08-13_10,58.329233,-134.60845
1089_2014-09-09_10,58.329233,-134.60845
1089_2016-05-08_10,58.329233,-134.60845
1089_2016-05-08_13,58.329233,-134.60845
1089_2016-05-23_10,58.329233,-134.60845
1089_2016-05-23_13,58.329233,-134.60845
1089_2016-06-06_10,58.329233,-134.60845
1089_2016-06-06_13,58.329233,-134.60845
1089_2016-06-22_10,58.329233,-134.60845
1089_2016-06-22_13,58.329233,-134.60845
1089_2016-07-05_10,58.329233,-134.60845
1089_2016-07-05_13,58.329233,-134.60845
1089_2016-08-03_10,58.329233,-134.60845
1089_2016-08-03_13,58.329233,-134.60845
1089_2016-08-31_10,58.329233,-134.60845
1089_2016-08-31_13,58.329233,-134.60845
1089_2017-04-12_10,58.329233,-134.60845
1089_2017-04-12_13,58.329233,-134.60845
1089_2017-04-12_6,58.329233,-134.60845
1089_2017-04-29_10,58.329233,-134.60845
1089_2017-04-29_13,58.329233,-134.60845
1089_2017-04-29_6,58.329233,-134.60845
1089_2017-05-11_10,58.329233,-134.60845
1089_2017-05-11_13,58.329233,-134.60845
1089_2017-05-11_6,58.329233,-134.60845
1089_2017-05-27_10,58.329233,-134.60845
1089_2017-05-27_13,58.329233,-134.60845
1089_2017-05-27_6,58.329233,-134.60845
1089_2017-06-10_10,58.329233,-134.60845
1089_2017-06-10_13,58.329233,-134.60845
1089_2017-06-10_6,58.329233,-134.60845
1089_2017-06-25_10,58.329233,-134.60845
1089_2017-06-25_13,58.329233,-134.60845
1089_2017-06-25_6,58.329233,-134.60845
1089_2017-07-10_10,58.329233,-134.60845
1089_2017-07-10_13,58.329233,-134.60845
1089_2017-07-10_6,58.329233,-134.60845
1089_2017-08-09_10,58.329233,-134.60845
1089_2017-08-09_13,58.329233,-134.60845
1089_2017-08-09_6,58.329233,-134.60845
1089_2017-09-06_10,58.329233,-134.60845
1089_2017-09-06_13,58.329233,-134.60845
1089_2017-09-06_6,58.329233,-134.60845
1089_2019-04-08_13,58.329233,-134.60845
1089_2019-05-06_13,58.329233,-134.60845
1089_2019-06-05_13,58.329233,-134.60845
1089_2019-07-03_13,58.329233,-134.60845
1089_2019-08-01_13,58.329233,-134.60845
1089_2019-09-02_13,58.329233,-134.60845
1090_2016-05-09_10,58.26145,-134.334567
1090_2016-05-09_13,58.26145,-134.334567
1090_2016-05-24_10,58.26145,-134.334567
1090_2016-05-24_13,58.26145,-134.334567
1090_2016-06-07_10,58.26145,-134.334567
1090_2016-06-07_13,58.26145,-134.334567
1090_2016-06-23_10,58.26145,-134.334567
1090_2016-06-23_13,58.26145,-134.334567
1090_2016-07-06_10,58.26145,-134.334567
1090_2016-07-06_13,58.26145,-134.334567
1090_2016-08-04_10,58.26145,-134.334567
1090_2016-08-04_13,58.26145,-134.334567
1090_2016-09-01_10,58.26145,-134.334567
1090_2016-09-01_13,58.26145,-134.334567
1090_2017-04-13_10,58.26145,-134.334567
1090_2017-04-13_13,58.26145,-134.334567
1090_2017-04-13_6,58.26145,-134.334567
1090_2017-04-30_10,58.26145,-134.334567
1090_2017-04-30_13,58.26145,-134.334567
1090_2017-04-30_6,58.26145,-134.334567
1090_2017-05-12_10,58.26145,-134.334567
1090_2017-05-12_13,58.26145,-134.334567
1090_2017-05-12_6,58.26145,-134.334567
1090_2017-05-28_10,58.26145,-134.334567
1090_2017-05-28_13,58.26145,-134.334567
1090_2017-05-28_6,58.26145,-134.334567
1090_2017-06-11_10,58.26145,-134.334567
1090_2017-06-11_13,58.26145,-134.334567
1090_2017-06-11_6,58.26145,-134.334567
1090_2017-06-26_10,58.26145,-134.334567
1090_2017-06-26_13,58.26145,-134.334567
1090_2017-06-26_6,58.26145,-134.334567
1090_2017-07-11_10,58.26145,-134.334567
1090_2017-07-11_13,58.26145,-134.334567
1090_2017-07-11_6,58.26145,-134.334567
1090_2017-08-10_10,58.26145,-134.334567
1090_2017-08-10_13,58.26145,-134.334567
1090_2017-08-10_6,58.26145,-134.334567
1090_2017-09-07_10,58.26145,-134.334567
1090_2017-09-07_13,58.26145,-134.334567
1090_2017-09-07_6,58.26145,-134.334567
1090_2019-04-05_13,58.26145,-134.334567
1090_2019-05-05_13,58.26145,-134.334567
1090_2019-06-04_13,58.26145,-134.334567
1090_2019-07-02_13,58.26145,-134.334567
1090_2019-08-05_13,58.26145,-134.334567
1090_2019-09-03_13,58.26145,-134.334567
1091_2019-04-05_13,59.420369,-151.306006
1091_2019-05-05_13,59.420369,-151.306006
1091_2019-06-02_13,59.420369,-151.306006
1091_2019-07-04_13,59.420369,-151.306006
1091_2019-08-02_13,59.420369,-151.306006
1091_2019-08-30_13,59.420369,-151.306006
1091_2020-06-06_13,59.420369,-151.306006
1091_2020-07-06_13,59.420369,-151.306006
1091_2020-08-05_13,59.420369,-151.306006
1091_2020-09-18_13,59.420369,-151.306006
1092_2019-04-08_13,59.55589,-151.3659
1092_2019-05-08_13,59.55589,-151.3659
1092_2019-06-03_13,59.55589,-151.3659
1092_2019-07-06_13,59.55589,-151.3659
1092_2019-08-03_13,59.55589,-151.3659
1092_2019-09-01_13,59.55589,-151.3659
1092_2020-06-04_13,59.55589,-151.3659
1092_2020-07-04_13,59.55589,-151.3659
1092_2020-08-03_13,59.55589,-151.3659
1092_2020-09-16_13,59.55589,-151.3659
111_2000-07-12_3,56.254444445000004,-134.66430555
113_2000-06-03_3,57.242638889999995,-134.8763889
1137_2015-07-05_10,67.05549,-163.22311
1138_2015-09-12_10,67.05922,-163.26697000000001
1142_2016-09-01_10,67.05576,-163.22145
1143_2016-06-22_10,67.0558,-163.22127
115_2002-08-13_3,57.75972222,-135.7930556
116_2002-08-13_3,57.74305556,-135.7930556
117_2000-06-03_3,57.26972222,-134.8683333
1172_2016-06-22_10,67.0558,-163.22127
1177_2016-08-22_10,67.06604,-163.34491
118_2000-06-03_3,57.26555556,-134.8858333
1182_2015-09-05_10,67.06661333333334,-163.34239666666667
1182_2015-09-11_10,67.0668,-163.34901
1187_2015-07-15_10,66.53041,-164.72633
119_1999-08-13_3,58.049858334999996,-135.67155000000002
119_2008-06-07_3,58.04971667,-135.6706
1191_2015-07-17_10,65.901095,-167.2444
1195_2016-06-23_10,65.903437,-167.23961
1196_2016-06-27_10,67.34508,-163.81944
1197_2017-08-24_10,67.34568,-163.82076
1198_2016-06-25_10,67.34581,-163.82045
12_2001-08-02_3,58.546249950000004,-134.9230555
12_2002-03-24_3,58.546249950000004,-134.9230555
12_2003-07-01_3,58.546249950000004,-134.9230555
1202_2015-07-08_10,67.34618,-163.81861
1202_2015-08-09_10,67.34618,-163.81861
1206_2015-07-09_10,67.348044,-163.81977
121_1999-08-13_3,58.03277778,-135.6422222
121_2008-06-07_3,58.03277778,-135.6422222
1219_2017-07-22_10,67.389441,-163.84466600000002
122_1999-08-13_3,58.05222222,-135.6458333
1223_2017-07-02_10,67.3895,-163.85854
123_1999-08-14_3,58.110277775,-136.27694445
123_2008-06-06_3,58.11111111,-136.2788889
1232_2016-08-29_10,67.346086,-163.818484
1232_2016-09-11_10,67.346086,-163.818484
1242_2015-09-13_10,67.12978,-163.51254
1248_2017-07-16_10,67.13029,-163.51117
125_1999-08-14_3,58.15527778,-136.3080556
1255_2015-07-03_10,67.13126,-163.5169
1258_2015-07-24_10,67.13141,-163.50754
1259_2017-07-18_10,67.13152,-163.51042
126_1999-08-14_3,58.12972222,-136.3
126_2008-06-06_3,58.12972222,-136.3
1263_2017-08-19_10,67.13202,-163.51012
1266_2015-08-10_10,67.13242,-163.51787
127_1998-08-11_3,57.53138889,-134.97638890000002
1278_2015-09-07_10,67.14414,-163.50748
1279_2015-09-14_10,67.14416,-163.50758
1280_2016-06-23_10,67.14471,-163.51021
1281_2015-08-11_10,67.14491,-163.51122
1285_2015-09-09_10,67.16216,-163.59747
1286_2017-08-17_10,67.16220999999999,-163.73554000000001
129_1998-08-11_3,57.525833335,-134.96722219999998
1296_2016-07-05_10,67.13043,-163.512627
13_2002-07-26_3,58.5480555,-134.9255555
1304_2016-08-07_10,67.27766,-163.77054
1305_2016-08-31_10,67.27839,-163.77165
1307_2017-06-28_10,67.0627,-163.30469
1308_2017-07-20_10,67.062615,-163.305935
131_1998-04-14_3,55.577494445,-133.09427219999998
131_1998-05-12_3,55.577494445,-133.09427219999998
131_1998-06-11_3,55.577494445,-133.09427219999998
131_1998-09-07_3,55.577494445,-133.09427219999998
1315_2016-07-28_10,67.063,-163.30658
1317_2017-08-20_10,67.06695,-163.34492
1318_2015-08-13_10,67.07357,-163.3705
1320_2015-08-12_10,67.06289,-163.30603
1321_2015-08-12_10,67.06624,-163.32917
1325_2018-07-02_10,67.14477,-163.57093
1329_2016-06-21_10,67.067741,-163.34448
133_1998-04-14_3,55.56208333,-133.0995833
133_1998-05-12_3,55.56208333,-133.0995833
133_1998-06-11_3,55.56208333,-133.0995833
133_1998-09-06_3,55.56208333,-133.0995833
1330_2018-07-05_10,67.05863,-163.25677
1340_2018-07-10_10,67.34601,-163.82133
1349_2018-08-21_10,67.0593,-163.26498
135_1998-04-16_3,55.500555555,-133.1659722
135_1998-05-14_3,55.500555555,-133.1659722
135_1998-06-09_3,55.500555555,-133.1659722
135_1998-09-08_3,55.500555555,-133.1659722
135_1999-07-15_3,55.500555555,-133.1659722
137_1998-04-17_3,55.487316665,-133.1414167
137_1998-05-13_3,55.487316665,-133.1414167
137_1998-06-10_3,55.487316665,-133.1414167
137_1998-09-09_3,55.487316665,-133.1414167
1372_2016-08-21_10,67.056883,-163.219036
1372_2016-09-04_10,67.056883,-163.219036
1372_2016-09-13_10,67.056883,-163.219036
1373_2016-06-18_10,67.134581,-163.543982
1373_2016-07-23_10,67.134581,-163.543982
1373_2016-07-26_10,67.134581,-163.543982
1373_2016-08-05_10,67.134581,-163.543982
1373_2016-08-07_10,67.134581,-163.543982
1374_2016-08-28_10,67.391102,-163.842062
1375_2016-07-22_10,67.058824,-163.245841
1377_2016-07-28_10,67.246222,-163.751696
1379_2008-07-16_3,59.60766,-151.421507
1379_2008-07-17_3,59.60766,-151.421507
1379_2008-07-18_3,59.60766,-151.421507
1379_2008-10-13_3,59.60766,-151.421507
1379_2018-06-13_3,59.60766,-151.421507
1379_2018-06-27_3,59.60766,-151.421507
1379_2018-07-12_3,59.60766,-151.421507
1380_2018-06-14_3,59.48277077,-151.6548254
1380_2018-06-29_3,59.48277077,-151.6548254
1380_2018-07-14_3,59.48277077,-151.6548254
1380_2018-07-20_3,59.48277077,-151.6548254
1380_2018-07-31_3,59.48277077,-151.6548254
1380_2018-08-15_3,59.48277077,-151.6548254
1380_2018-09-14_3,59.48277077,-151.6548254
1380_2018-10-15_3,59.48277077,-151.6548254
1381_2018-06-21_3,59.4192504,-151.3040432
1381_2018-07-13_3,59.4192504,-151.3040432
1381_2018-07-21_3,59.4192504,-151.3040432
1381_2018-08-22_3,59.4192504,-151.3040432
1382_2018-06-25_3,59.79375333,-151.8581483
1382_2018-07-10_3,59.79375333,-151.8581483
1382_2018-07-28_3,59.79375333,-151.8581483
1382_2018-08-09_3,59.79375333,-151.8581483
1382_2018-08-25_3,59.79375333,-151.8581483
1382_2018-09-15_3,59.79375333,-151.8581483
1382_2018-10-11_3,59.79375333,-151.8581483
1383_2018-06-26_3,59.59323564,-151.1699358
1384_2018-06-28_3,59.5748875,-151.294185
1384_2018-07-17_3,59.5748875,-151.294185
1384_2018-07-27_3,59.5748875,-151.294185
1384_2018-08-10_3,59.5748875,-151.294185
1384_2018-08-28_3,59.5748875,-151.294185
1384_2018-09-17_3,59.5748875,-151.294185
1385_2018-06-30_3,59.65357667,-151.1927339
1385_2018-07-18_3,59.65357667,-151.1927339
1385_2018-08-01_3,59.65357667,-151.1927339
1385_2018-08-16_3,59.65357667,-151.1927339
1385_2018-09-11_3,59.65357667,-151.1927339
1385_2018-10-16_3,59.65357667,-151.1927339
1386_2018-07-11_3,59.43532846,-151.7149185
1386_2018-07-26_3,59.43532846,-151.7149185
1386_2018-08-08_3,59.43532846,-151.7149185
1386_2018-08-29_3,59.43532846,-151.7149185
1386_2018-09-13_3,59.43532846,-151.7149185
1386_2018-10-13_3,59.43532846,-151.7149185
1387_2018-07-12_3,59.57870735,-151.3085477
1387_2018-07-18_3,59.57870735,-151.3085477
1387_2018-07-30_3,59.57870735,-151.3085477
1387_2018-08-11_3,59.57870735,-151.3085477
1387_2018-08-23_3,59.57870735,-151.3085477
1387_2018-09-12_3,59.57870735,-151.3085477
1387_2018-10-14_3,59.57870735,-151.3085477
1388_2018-10-16_3,59.48218353,-151.6346473
1389_2018-11-08_3,59.4418,-151.71947
1391_2019-05-09_3,59.79374083,-151.8583875
1391_2019-05-17_3,59.79374083,-151.8583875
1391_2019-06-09_3,59.79374083,-151.8583875
1391_2019-06-10_3,59.79374083,-151.8583875
1391_2019-07-09_3,59.79374083,-151.8583875
1391_2019-08-06_3,59.79374083,-151.8583875
1391_2019-09-13_3,59.79374083,-151.8583875
1391_2019-10-19_3,59.79374083,-151.8583875
1392_2019-05-13_3,59.41951211,-151.303589
1392_2019-05-14_3,59.41951211,-151.303589
1392_2019-06-13_3,59.41951211,-151.303589
1392_2019-06-14_3,59.41951211,-151.303589
1392_2019-07-17_3,59.41951211,-151.303589
1392_2019-08-22_3,59.41951211,-151.303589
1392_2019-09-18_3,59.41951211,-151.303589
1393_2019-05-23_3,59.57869063,-151.3803494
1393_2019-06-06_3,59.57869063,-151.3803494
1393_2019-07-19_3,59.57869063,-151.3803494
1393_2019-08-20_3,59.57869063,-151.3803494
1393_2019-09-16_3,59.57869063,-151.3803494
1394_2019-06-19_3,59.59288944,-151.1684967
1394_2019-07-18_3,59.59288944,-151.1684967
1394_2019-08-21_3,59.59288944,-151.1684967
1394_2019-09-17_3,59.59288944,-151.1684967
1394_2019-10-18_3,59.59288944,-151.1684967
1395_2021-05-25_3,59.77270538,-151.8691497
1395_2021-06-10_3,59.77270538,-151.8691497
1395_2021-07-15_3,59.77270538,-151.8691497
1395_2021-08-12_3,59.77270538,-151.8691497
1395_2021-09-09_3,59.77270538,-151.8691497
1396_2021-05-28_3,60.05420713,-151.6730467
1396_2021-06-09_3,60.05420713,-151.6730467
1396_2021-07-14_3,60.05420713,-151.6730467
1396_2021-08-11_3,60.05420713,-151.6730467
1396_2021-09-08_3,60.05420713,-151.6730467
1397_2021-06-11_3,59.91455917,-151.7601333
1397_2021-07-13_3,59.91455917,-151.7601333
1397_2021-08-09_3,59.91455917,-151.7601333
1397_2021-09-07_3,59.91455917,-151.7601333
1398_2021-06-12_3,57.83779433,-152.439541
1399_2021-06-13_3,57.81482367,-152.424909
14_2001-04-26_3,58.50249995,-134.8666666
14_2001-08-02_3,58.50249995,-134.8666666
14_2002-03-24_3,58.50249995,-134.8666666
14_2002-07-25_3,58.50249995,-134.8666666
14_2003-06-30_3,58.50249995,-134.8666666
1400_2021-06-30_3,59.47233,-151.51973
1401_2021-06-30_3,59.48267,-151.51926
1402_2021-07-01_3,59.48031,-151.62527
141_1998-04-15_3,55.535972220000005,-133.1054167
141_1998-05-13_3,55.535972220000005,-133.1054167
141_1998-06-12_3,55.535972220000005,-133.1054167
141_1998-09-07_3,55.535972220000005,-133.1054167
141_1999-07-15_3,55.535972220000005,-133.1054167
143_1998-04-15_3,55.50986111,-133.13180555
143_1998-05-13_3,55.50986111,-133.13180555
143_1998-06-10_3,55.5098597225,-133.131808325
143_1998-09-07_3,55.50986111,-133.13180555
145_1998-05-15_3,55.509858335000004,-133.1318111
145_1998-09-08_3,55.509858335000004,-133.1318111
145_1999-07-15_3,55.509858335000004,-133.1318111
147_2000-08-17_3,56.19013889,-132.30986109999998
149_2000-08-17_3,56.225277774999995,-132.3801389
15_2003-03-22_3,58.5019444,-134.8663888
15_2004-03-23_3,58.5019444,-134.8663888
151_2000-07-16_3,56.156203706666666,-132.6951852
1521_2000-03-14_6,54.126923,-165.809749
1521_2000-06-08_6,54.1312005,-165.809332
1522_2000-06-08_6,54.13049,-165.82239325
1523_2000-03-15_6,54.145628,-165.734907
1523_2000-06-09_6,54.145628,-165.734907
1526_2000-03-15_6,54.125489,-165.797241
1526_2000-06-09_6,54.125489,-165.797241
1528_2000-03-15_6,54.131826,-165.822604
1529_2000-03-15_6,54.135145,-165.799687
1530_2000-03-15_6,54.11697,-165.728813
1533_2000-06-09_6,54.113008,-165.737353
1535_2000-06-08_6,54.133770999999996,-165.78594950000002
1539_1976-06-29_3,59.70255,-151.1078
1539_1976-07-27_3,59.70255,-151.1078
1539_1976-08-24_3,59.70255,-151.1078
1539_1976-09-21_3,59.70255,-151.1078
1539_1995-07-20_3,59.70255,-151.1078
1539_1996-08-07_3,59.70255,-151.1078
154_2000-07-16_3,56.1625,-132.71
1540_2006-06-14_6,51.7798,-176.809235
1542_2006-06-14_6,51.85358,-176.7442
1543_2006-06-14_6,51.91339,-176.56541000000001
1544_2006-06-14_6,51.89924,-176.62074
1545_2006-06-15_6,51.746965,-176.84409
1547_2006-06-15_6,51.74552,-176.82899
1548_2006-06-15_6,51.67776,-176.95207
1549_2006-06-15_6,51.72252,-176.83415
155_1999-07-17_3,55.77333333,-133.53402775
1550_2006-06-16_6,51.64313,-176.806175
1552_2006-06-16_6,51.6606,-176.64891
1553_2006-06-16_6,51.67484,-176.63486
1554_2006-06-17_6,51.75521,-176.52139
1555_2006-06-17_6,51.774865000000005,-176.44036
1557_2006-06-19_6,51.9803775,-175.88195
1559_2006-06-19_6,51.83629,-176.14082
1561_2006-06-19_6,51.8289,-176.12143
1562_2006-06-19_6,51.79784,-176.1675
1563_2006-06-19_6,51.81217,-176.13684
1564_2006-06-22_6,52.65134,-170.75113
1565_2006-07-26_6,56.19755,-156.79077
1566_2006-07-31_6,55.06981,-159.76508
1567_2006-07-31_6,55.06818,-159.78026
1568_2006-07-31_6,55.1089,-159.73375
1569_2006-07-31_6,55.13522,-159.86259
157_1999-07-17_3,55.757222225,-133.4709722
1570_2006-07-31_6,55.12706,-159.84164
1571_2006-08-07_6,51.9829,-175.88939
1573_2006-08-07_6,52.03113,-175.11563
1574_2006-08-18_6,52.00232,-176.062045
1576_2006-08-19_6,51.92559,-175.78078
1577_2006-08-19_6,51.99766,-176.10692
1578_2006-08-19_6,51.99235,-176.09102
1579_2006-08-21_6,51.8015,-176.74863
1580_2006-08-21_6,51.79453,-176.78412
1582_1996-06-26_3,58.95227,-152.142874
1582_1996-07-02_3,58.95227,-152.142874
1582_1996-07-03_3,58.95227,-152.142874
1582_1996-07-09_3,58.95227,-152.142874
1582_1996-07-17_3,58.95227,-152.142874
1582_1996-07-23_3,58.95227,-152.142874
1582_1996-07-24_3,58.95227,-152.142874
1582_1996-07-28_3,58.95227,-152.142874
1582_1996-07-29_3,58.95227,-152.142874
1582_1996-08-15_3,58.95227,-152.142874
1582_1996-08-16_3,58.95227,-152.142874
1582_1996-08-23_3,58.95227,-152.142874
1582_1996-08-29_3,58.95227,-152.142874
1582_1996-09-08_3,58.95227,-152.142874
1583_1996-07-01_3,59.481416,-151.561716
1585_1995-06-28_3,59.48575,-151.6450333
1585_1995-07-21_3,59.48575,-151.6450333
1586_1996-07-14_3,60.10195,-152.597829
1586_1996-07-20_3,60.10195,-152.597829
1586_1996-07-28_3,60.10195,-152.597829
1586_1996-08-17_3,60.10195,-152.597829
1587_1996-07-14_3,60.108167,-152.581657
1587_1996-07-15_3,60.108167,-152.581657
1587_1998-06-23_3,60.108167,-152.581657
1587_1998-07-09_3,60.108167,-152.581657
1587_1998-07-30_3,60.110787,-152.585505
1588_1976-07-28_3,59.53958333,-151.4712833
1588_1976-08-27_3,59.53958333,-151.4712833
1588_1976-09-29_3,59.53958333,-151.4712833
1588_1995-06-27_3,59.53958333,-151.4712833
1588_1995-07-21_3,59.53958333,-151.4712833
1588_1996-08-01_3,59.53958333,-151.4712833
1589_1995-06-16_3,59.56788333,-151.3482833
1589_1995-06-27_3,59.56788333,-151.3482833
1589_1995-07-11_3,59.56788333,-151.3482833
1589_1995-07-25_3,59.56788333,-151.3482833
1589_1996-02-08_3,59.56788333,-151.3482833
1589_1996-03-15_3,59.56788333,-151.3482833
1589_1996-04-17_3,59.56788333,-151.3482833
1589_1996-04-18_3,59.56788333,-151.3482833
1589_1996-05-16_3,59.56788333,-151.3482833
1589_1996-06-03_3,59.56788333,-151.3482833
1589_1996-06-14_3,59.56788333,-151.3482833
1589_1996-06-17_3,59.56788333,-151.3482833
1589_1996-06-28_3,59.56788333,-151.3482833
1589_1996-07-02_3,59.568465165,-151.33985315
1589_1996-07-06_3,59.56788333,-151.3482833
1589_1996-07-22_3,59.56788333,-151.3482833
1589_1996-07-25_3,59.56788333,-151.3482833
1589_1996-07-31_3,59.56788333,-151.3482833
1589_1996-08-12_3,59.56788333,-151.3482833
1589_1996-08-27_3,59.56788333,-151.3482833
1589_1997-02-08_3,59.56788333,-151.3482833
1589_1997-04-09_3,59.56788333,-151.3482833
1589_1997-09-01_3,59.56788333,-151.3482833
1589_1998-05-29_3,59.56788333,-151.3482833
1589_1998-06-11_3,59.56788333,-151.3482833
1589_1998-06-13_3,59.56788333,-151.3482833
1589_1998-06-25_3,59.56788333,-151.3482833
1589_1998-07-09_3,59.56788333,-151.3482833
1589_1998-07-24_3,59.56788333,-151.3482833
1589_1998-08-08_3,59.56788333,-151.3482833
1589_1998-08-22_3,59.56788333,-151.3482833
1589_1998-09-06_3,59.56788333,-151.3482833
1589_1999-05-15_3,59.56788333,-151.3482833
1589_1999-06-01_3,59.56788333,-151.3482833
1589_1999-06-18_3,59.56788333,-151.3482833
1589_1999-07-01_3,59.56788333,-151.3482833
1589_1999-07-11_3,59.56788333,-151.3482833
1589_1999-07-29_3,59.56788333,-151.3482833
1589_1999-08-10_3,59.56788333,-151.3482833
1589_1999-08-25_3,59.56788333,-151.3482833
159_1999-04-16_3,58.38111667,-134.6924333
159_1999-05-19_3,58.38111667,-134.6924333
159_1999-06-12_3,58.38111667,-134.6924333
159_1999-07-31_3,58.38111667,-134.6924333
1590_1996-07-08_3,59.571184,-151.312972
1590_1996-07-09_3,59.571184,-151.312972
1590_1996-07-24_3,59.571184,-151.312972
1590_1996-08-12_3,59.571184,-151.312972
1590_1996-09-13_3,59.571184,-151.312972
1590_1996-09-27_3,59.571184,-151.312972
1590_1996-10-27_3,59.571184,-151.312972
1590_1996-12-11_3,59.571184,-151.312972
1590_1997-02-06_3,59.571184,-151.312972
1590_1997-03-07_3,59.571184,-151.312972
1590_1997-04-08_3,59.571184,-151.312972
1590_1997-05-05_3,59.571184,-151.312972
1590_1997-05-06_3,59.571184,-151.312972
1590_1997-06-01_3,59.571184,-151.312972
1590_1997-06-02_3,59.571184,-151.312972
1590_1997-06-15_3,59.571184,-151.312972
1590_1997-07-02_3,59.571184,-151.312972
1590_1997-07-13_3,59.571184,-151.312972
1590_1997-08-02_3,59.571184,-151.312972
1590_1997-08-15_3,59.571184,-151.312972
1590_1998-06-11_3,59.571184,-151.312972
1590_1998-06-13_3,59.571184,-151.312972
1590_1998-07-09_3,59.571184,-151.312972
1590_1998-08-08_3,59.571184,-151.312972
1590_1998-09-06_3,59.571184,-151.312972
1590_1999-05-15_3,59.571184,-151.312972
1590_1999-06-01_3,59.571184,-151.312972
1590_1999-06-18_3,59.571184,-151.312972
1590_1999-07-11_3,59.571184,-151.312972
1590_1999-07-29_3,59.571184,-151.312972
1590_1999-08-10_3,59.571184,-151.312972
1590_1999-08-25_3,59.571184,-151.312972
1592_1996-07-08_3,59.566985,-151.2958
1593_1996-07-25_3,59.552001,-151.368342
1593_1996-07-28_3,59.552001,-151.368342
1595_1976-09-01_3,59.42298333,-151.8735333
1595_1995-06-29_3,59.42298333,-151.8735333
1595_1995-07-23_3,59.42298333,-151.8735333
1595_1996-08-21_3,59.42298333,-151.8735333
1596_1999-07-20_6,53.8693595,-166.55470525
160_1998-06-10_3,58.627958335,-134.94389999999999
160_1998-06-23_3,58.627958335,-134.94389999999999
160_1998-08-25_3,58.627958335,-134.94389999999999
160_1999-08-01_3,58.627958335,-134.94389999999999
1600_1999-07-20_6,53.857313,-166.557924
1601_1999-07-20_6,53.9105935,-166.5074875
1603_1999-07-21_6,53.899442,-166.514485
1604_1999-07-21_6,53.88404,-166.549998
1605_1999-07-22_6,53.878147,-166.538476
1606_1999-07-22_6,53.828601,-166.601955
1607_1997-06-19_3,58.91758,-152.006455
1607_1997-06-20_3,58.91758,-152.006455
1607_1997-07-05_3,58.91758,-152.006455
1607_1997-07-18_3,58.91758,-152.006455
1607_1997-07-19_3,58.91758,-152.006455
1607_1997-08-03_3,58.91758,-152.006455
1607_1997-08-20_3,58.91758,-152.006455
1607_1997-09-02_3,58.91758,-152.006455
1608_1976-07-27_3,59.52883333,-151.4408833
1608_1976-08-27_3,59.52883333,-151.4408833
1608_1976-09-29_3,59.52883333,-151.4408833
1608_1995-07-19_3,59.52883333,-151.4408833
1608_1996-07-02_3,59.52883333,-151.4408833
1608_1997-06-08_3,59.52883333,-151.4408833
1608_1997-06-16_3,59.52883333,-151.4408833
1608_1997-07-01_3,59.52883333,-151.4408833
1608_1997-07-13_3,59.52883333,-151.4408833
1608_1997-08-03_3,59.52883333,-151.4408833
1608_1997-08-16_3,59.52883333,-151.4408833
1608_1997-09-01_3,59.52883333,-151.4408833
1608_1998-05-30_3,59.52883333,-151.4408833
1608_1998-06-26_3,59.52883333,-151.4408833
1608_1998-07-10_3,59.52883333,-151.4408833
1608_1998-07-23_3,59.52883333,-151.4408833
1608_1998-08-09_3,59.52883333,-151.4408833
1608_1998-08-23_3,59.52883333,-151.4408833
1608_1998-09-07_3,59.52883333,-151.4408833
1608_1999-05-16_3,59.52883333,-151.4408833
1608_1999-05-31_3,59.52883333,-151.4408833
1608_1999-07-02_3,59.52883333,-151.4408833
1608_1999-07-13_3,59.52883333,-151.4408833
1608_1999-07-30_3,59.52883333,-151.4408833
1608_1999-08-11_3,59.52883333,-151.4408833
1608_1999-08-26_3,59.52883333,-151.4408833
1609_1996-07-14_3,60.164812,-152.678287
1609_1996-08-17_3,60.164812,-152.678287
1609_1997-07-04_3,60.164812,-152.678287
1609_1997-08-16_3,60.164812,-152.678287
1609_1998-06-23_3,60.164812,-152.678287
1609_1998-07-09_3,60.164812,-152.678287
1609_1998-07-24_3,60.164812,-152.678287
1609_1999-07-01_3,60.164812,-152.678287
1609_1999-07-17_3,60.164812,-152.678287
1609_1999-07-31_3,60.164812,-152.678287
1609_1999-08-12_3,60.164812,-152.678287
1609_1999-08-26_3,60.164812,-152.678287
1610_1976-06-29_3,59.65531667,-151.1906167
1610_1976-08-24_3,59.65531667,-151.1906167
1610_1976-09-21_3,59.65531667,-151.1906167
1610_1995-06-17_3,59.65531667,-151.1906167
1610_1995-07-20_3,59.65531667,-151.1906167
1610_1996-08-07_3,59.65531667,-151.1906167
1611_1999-06-10_6,58.46620370666667,-135.9911111
1611_2000-05-31_6,58.46555556,-135.99
1611_2000-06-26_6,58.46555556,-135.99
1611_2000-07-14_6,58.46555556,-135.99
1611_2000-08-01_6,58.46555556,-135.99
1612_1999-06-11_6,58.4525,-136.0875
1612_2000-05-31_6,58.4525,-136.0875
1612_2000-07-12_6,58.4525,-136.0875
1612_2000-08-01_6,58.4525,-136.0875
1613_1999-06-11_6,58.57944444333333,-136.2040741
1613_2000-06-06_6,58.57833333,-136.2077778
1613_2000-07-14_6,58.57833333,-136.2077778
1613_2000-08-04_6,58.57833333,-136.2077778
1614_1999-06-11_6,58.66416667,-136.3
1614_2000-06-06_6,58.66416667,-136.3
1614_2000-07-14_6,58.66416667,-136.3
1614_2000-08-04_6,58.66416667,-136.3
1615_2000-06-07_6,58.60166667,-135.8733333
1615_2000-07-15_6,58.60166667,-135.8733333
1615_2000-08-02_6,58.60166667,-135.8733333
1616_1999-06-13_6,58.6425,-135.9216667
1616_2000-06-07_6,58.6425,-135.9216667
1616_2000-07-15_6,58.6425,-135.9216667
1616_2000-08-02_6,58.6425,-135.9216667
1617_1999-06-13_6,58.69888889,-135.9741667
1617_2000-06-07_6,58.69888889,-135.9741667
1617_2000-07-15_6,58.69888889,-135.9741667
1617_2000-08-02_6,58.69888889,-135.9741667
1618_1999-06-13_6,58.78583333,-136.0516667
1618_2000-06-07_6,58.78583333,-136.0516667
1618_2000-07-15_6,58.78583333,-136.0516667
1618_2000-08-02_6,58.78583333,-136.0516667
1619_1999-06-14_6,58.59,-136.4833333
1619_2000-06-06_6,58.59,-136.4833333
1619_2000-07-20_6,58.59,-136.4833333
1619_2000-08-04_6,58.59,-136.4833333
162_2000-08-14_3,55.23638889,-131.75
1620_1999-06-14_6,58.59166667,-136.5133333
1620_2000-08-08_6,58.59166667,-136.5133333
1621_1999-06-14_6,58.6075,-136.52
1621_2000-06-06_6,58.6075,-136.52
1621_2000-07-20_6,58.6075,-136.52
1621_2000-08-04_6,58.6075,-136.52
1622_1999-06-15_6,58.95444444,-136.1016667
1622_2000-06-09_6,58.95444444,-136.1016667
1622_2000-07-17_6,58.95444444,-136.1016667
1622_2000-08-08_6,58.95444444,-136.1016667
1623_1999-06-15_6,59.03981481666667,-136.1558333
1623_2000-06-09_6,59.04166667,-136.1608333
1623_2000-07-17_6,59.04166667,-136.1608333
1623_2000-08-08_6,59.04166667,-136.1608333
1624_1999-06-15_6,59.07055556,-136.1908333
1624_2000-06-09_6,59.07055556,-136.1908333
1624_2000-07-17_6,59.07055556,-136.1908333
1624_2000-08-08_6,59.07055556,-136.1908333
1625_1999-06-16_6,58.8625,-136.11
1625_2000-06-09_6,58.8625,-136.11
1625_2000-07-17_6,58.8625,-136.11
1625_2000-08-08_6,58.8625,-136.11
1626_1999-06-17_6,58.8275,-136.4555556
1626_2000-06-01_6,58.8275,-136.4555556
1626_2000-06-27_6,58.8275,-136.4555556
1626_2000-07-18_6,58.8275,-136.4555556
1626_2000-08-09_6,58.8275,-136.4555556
1627_1999-06-17_6,58.9625,-136.5616667
1627_2000-06-01_6,58.9625,-136.5616667
1627_2000-06-27_6,58.9625,-136.5616667
1627_2000-07-18_6,58.9625,-136.5616667
1627_2000-08-09_6,58.9625,-136.5616667
1628_2000-06-01_6,58.98916667,-136.7033333
1628_2000-06-27_6,58.98916667,-136.7033333
1628_2000-07-18_6,58.98916667,-136.7033333
1628_2000-08-09_6,58.98916667,-136.7033333
1629_1999-06-17_6,58.87944444,-136.5066667
1629_2000-06-01_6,58.87944444,-136.5066667
1629_2000-06-27_6,58.87944444,-136.5066667
1629_2000-07-18_6,58.87944444,-136.5066667
1629_2000-08-09_6,58.87944444,-136.5066667
163_2000-08-14_3,55.23416667,-131.73
1630_1999-06-18_6,58.87166667,-136.8066667
1630_1999-06-19_6,58.87166667,-136.8066667
1630_2000-06-03_6,58.869833335,-136.81333335
1630_2000-06-28_6,58.87166667,-136.8066667
1630_2000-07-19_6,58.87166667,-136.8066667
1630_2000-08-10_6,58.87166667,-136.8066667
1630_2000-08-21_6,58.87166667,-136.8066667
1631_1999-06-19_6,58.85583333,-136.8041667
1631_2000-06-03_6,58.85583333,-136.8041667
1631_2000-06-28_6,58.85583333,-136.8041667
1631_2000-07-19_6,58.85583333,-136.8041667
1631_2000-08-10_6,58.85583333,-136.8041667
1632_1999-06-19_6,58.84611111,-136.8088889
1632_2000-06-03_6,58.84611111,-136.8088889
1632_2000-07-19_6,58.84611111,-136.8088889
1632_2000-08-10_6,58.84611111,-136.8088889
1632_2000-08-21_6,58.84611111,-136.8088889
1633_1999-06-19_6,58.88666667,-136.8933333
1633_2000-06-28_6,58.88666667,-136.8933333
1633_2000-07-19_6,58.88666667,-136.8933333
1633_2000-08-10_6,58.88666667,-136.8933333
1634_1999-06-19_6,58.96166667,-136.86
1634_2000-06-02_6,58.96166667,-136.86
1635_1999-06-22_6,58.50611111,-136.0233333
1635_2000-06-06_6,58.50611111,-136.0233333
1635_2000-06-26_6,58.50611111,-136.0233333
1635_2000-07-14_6,58.50611111,-136.0233333
1635_2000-08-01_6,58.50611111,-136.0233333
1636_1999-06-22_6,58.34333333,-136.1366667
1636_2000-05-31_6,58.34333333,-136.1366667
1636_2000-07-12_6,58.34333333,-136.1366667
1636_2000-08-01_6,58.34333333,-136.1366667
1637_2000-06-08_6,58.269507,-135.8322
1637_2000-07-13_6,58.269507,-135.8322
1637_2000-08-05_6,58.269507,-135.8322
1638_2000-06-08_6,58.3558,-135.7126
1638_2000-07-13_6,58.3558,-135.7126
1638_2000-08-05_6,58.3558,-135.7126
1639_2000-06-03_6,58.8539,-136.819
1639_2000-06-28_6,58.8539,-136.819
1639_2000-07-19_6,58.8539,-136.819
1639_2000-08-10_6,58.8539,-136.819
164_2000-08-14_3,55.22,-131.7361111
1641_2001-08-14_6,58.41266667,-136.5014333
1642_2001-08-14_6,58.443325,-136.5222
1644_2001-08-14_6,58.37591667,-136.51275
1645_2001-08-14_6,58.38053333,-136.4138833
1646_2001-08-14_6,58.36898333,-136.3986667
1647_2002-07-27_6,58.28,-136.6783333
1648_2002-07-27_6,58.27166667,-136.6808333
165_2000-08-14_3,55.20777778,-131.7277778
1650_2002-08-08_6,58.65523333,-137.5611167
1651_2002-08-08_6,58.645466665,-137.51091665
1653_2002-08-08_6,58.63405,-137.5427167
1654_2002-08-08_6,58.62398333,-137.6746167
1655_2002-08-08_6,58.61166667,-137.65035
1656_2002-08-08_6,58.64835,-137.6066
1657_2002-08-08_6,58.63805,-137.591
1658_2003-07-23_6,58.86988333,-136.8029167
1659_2003-07-26_6,58.86931667,-136.8026833
166_2000-06-02_3,56.65248333,-133.9569167
1660_2003-07-23_6,58.88673333,-136.8894667
1661_2003-07-23_6,58.9257,-136.9863667
1662_2003-07-24_6,58.85461667,-136.8217
1663_2003-07-26_6,58.85466667,-136.82175
1664_2003-07-24_6,58.851608334999995,-136.80284165
1666_2003-07-26_6,58.85491667,-136.8050333
1667_2003-07-30_6,58.85586667,-136.80575
1668_2003-08-05_6,58.85530833,-136.8051917
167_2000-06-02_3,56.716,-133.9523167
1671_2003-08-03_6,58.46618333,-135.9921667
1672_2003-08-03_6,58.47683333,-135.9961
1673_2003-08-03_6,58.50648333,-136.0249667
1674_2003-08-06_6,58.85878333,-136.1092667
1675_2003-08-06_6,58.84138333,-136.1139333
1676_1999-06-10_6,58.4675,-135.9033333
1678_1999-06-10_6,58.47486111,-135.99583335
168_2000-08-18_3,56.5175,-133.09638885
1681_1999-06-12_6,58.5,-135.8975
1682_1999-06-12_6,58.50777778,-135.93
1683_1999-06-12_6,58.56166667,-135.8933333
1684_1999-06-12_6,58.57,-135.9216667
1685_1999-06-13_6,58.62666667,-135.9116667
1686_1999-06-14_6,58.64388889,-136.3755556
1687_1999-06-15_6,59.02,-136.1233333
1689_1999-06-16_6,58.95277778,-136.3533333
1690_1999-06-16_6,58.9875,-136.4183333
1691_1999-06-16_6,58.83916667,-136.1158333
1692_1999-06-16_6,58.81666667,-136.0883333
1693_1999-06-17_6,58.9425,-136.575
1694_1999-06-17_6,59.00916667,-136.715
1695_1999-06-17_6,58.85222222,-136.4975
1697_1999-06-19_6,59.00111111,-136.9408333
1698_1999-06-20_6,58.77333333,-136.5616667
1699_1999-06-20_6,58.82,-136.6516667
17_2001-05-11_3,58.77778333,-135.0078
170_2000-08-18_3,56.51361111,-133.12388885000001
1700_1999-06-22_6,58.43416667,-136.065
1701_1999-06-22_6,58.38,-136.0433333
1702_1999-06-22_6,58.38083333,-135.9191667
1703_1999-06-22_6,58.37166667,-136.04
1705_1999-06-23_6,58.18583333,-135.9833333
1706_1996-07-14_3,60.150054,-152.633311
1706_1996-08-09_3,60.150054,-152.633311
1706_1998-06-23_3,60.150054,-152.633311
1706_1998-07-09_3,60.150054,-152.633311
1706_1998-08-09_3,60.150054,-152.633311
1706_1999-05-21_3,60.150054,-152.633311
1706_1999-06-15_3,60.150054,-152.633311
1706_1999-07-01_3,60.150054,-152.633311
1706_1999-07-17_3,60.150054,-152.633311
1706_1999-07-31_3,60.150054,-152.633311
1706_1999-08-12_3,60.150054,-152.633311
1706_1999-08-26_3,60.150054,-152.633311
1707_1997-07-04_3,60.150054,-152.633311
1707_1997-08-16_3,60.150054,-152.633311
1708_1976-07-27_3,59.64031667,-151.2064167
1708_1976-09-21_3,59.64031667,-151.2064167
1708_1995-06-19_3,59.64031667,-151.2064167
1708_1995-07-20_3,59.64031667,-151.2064167
1708_1996-06-20_3,59.64031667,-151.2064167
1708_1996-06-25_3,59.64031667,-151.2064167
1708_1996-06-26_3,59.64031667,-151.2064167
171_2000-06-01_3,57.12444444,-133.2052778
1710_1976-08-24_3,59.60691667,-151.1881167
1710_1976-09-21_3,59.60691667,-151.1881167
1710_1995-06-19_3,59.60691667,-151.1881167
1710_1995-07-05_3,59.60691667,-151.1881167
1710_1996-05-18_3,59.60691667,-151.1881167
1710_1996-06-04_3,59.60691667,-151.1881167
1710_1996-06-15_3,59.60691667,-151.1881167
1710_1996-06-29_3,59.60691667,-151.1881167
1710_1996-07-23_3,59.60691667,-151.1881167
1710_1996-08-13_3,59.60691667,-151.1881167
1710_1996-08-25_3,59.60691667,-151.1881167
1710_1996-09-13_3,59.60691667,-151.1881167
1710_1996-09-27_3,59.60691667,-151.1881167
1710_1996-10-27_3,59.60691667,-151.1881167
1710_1996-12-11_3,59.60691667,-151.1881167
1710_1997-02-06_3,59.60691667,-151.1881167
1710_1997-02-08_3,59.60691667,-151.1881167
1710_1997-03-07_3,59.60691667,-151.1881167
1710_1997-04-08_3,59.60691667,-151.1881167
1710_1997-04-09_3,59.60691667,-151.1881167
1710_1997-05-05_3,59.60691667,-151.1881167
1710_1997-05-06_3,59.60691667,-151.1881167
1710_1997-06-01_3,59.60691667,-151.1881167
1710_1997-06-02_3,59.60691667,-151.1881167
1710_1997-06-15_3,59.60691667,-151.1881167
1710_1997-07-02_3,59.60691667,-151.1881167
1710_1997-07-13_3,59.60691667,-151.1881167
1710_1997-08-02_3,59.60691667,-151.1881167
1710_1997-08-15_3,59.60691667,-151.1881167
1710_1997-09-01_3,59.60691667,-151.1881167
1710_1998-05-29_3,59.60691667,-151.1881167
1710_1998-06-11_3,59.60691667,-151.1881167
1710_1998-06-13_3,59.60691667,-151.1881167
1710_1998-06-26_3,59.60691667,-151.1881167
1710_1998-07-09_3,59.60691667,-151.1881167
1710_1998-07-24_3,59.60691667,-151.1881167
1710_1998-08-08_3,59.60691667,-151.1881167
1710_1998-08-22_3,59.60691667,-151.1881167
1710_1998-09-06_3,59.60691667,-151.1881167
1710_1999-05-15_3,59.60691667,-151.1881167
1710_1999-06-01_3,59.60691667,-151.1881167
1710_1999-06-18_3,59.60691667,-151.1881167
1710_1999-07-03_3,59.60691667,-151.1881167
1710_1999-07-11_3,59.60691667,-151.1881167
1710_1999-07-29_3,59.60691667,-151.1881167
1710_1999-08-10_3,59.60691667,-151.1881167
1710_1999-08-25_3,59.60691667,-151.1881167
1711_1996-08-01_3,59.505456,-151.511535
1713_1976-06-18_3,59.59235,-151.1597333
1713_1976-07-27_3,59.59235,-151.1597333
1713_1976-09-21_3,59.59235,-151.1597333
1713_1995-07-05_3,59.59235,-151.1597333
1713_1996-05-18_3,59.59235,-151.1597333
1713_1996-06-04_3,59.59235,-151.1597333
1713_1996-06-15_3,59.59235,-151.1597333
1713_1996-06-29_3,59.59235,-151.1597333
1713_1996-08-13_3,59.59235,-151.1597333
1713_1996-08-25_3,59.59235,-151.1597333
1713_1996-09-13_3,59.59235,-151.1597333
1713_1996-09-27_3,59.59235,-151.1597333
1713_1996-10-27_3,59.59235,-151.1597333
1713_1997-02-06_3,59.59235,-151.1597333
1713_1997-02-08_3,59.59235,-151.1597333
1713_1997-04-08_3,59.59235,-151.1597333
1713_1997-04-09_3,59.59235,-151.1597333
1713_1997-05-06_3,59.59235,-151.1597333
1713_1997-06-01_3,59.59235,-151.1597333
1713_1997-06-02_3,59.59235,-151.1597333
1713_1997-06-15_3,59.59235,-151.1597333
1713_1997-07-02_3,59.59235,-151.1597333
1713_1997-07-13_3,59.59235,-151.1597333
1713_1997-08-02_3,59.59235,-151.1597333
1713_1997-08-15_3,59.59235,-151.1597333
1713_1997-09-01_3,59.59235,-151.1597333
1713_1998-05-29_3,59.59235,-151.1597333
1713_1998-06-11_3,59.59235,-151.1597333
1713_1998-06-13_3,59.59235,-151.1597333
1713_1998-06-26_3,59.59235,-151.1597333
1713_1998-07-09_3,59.59235,-151.1597333
1713_1998-07-24_3,59.59235,-151.1597333
1713_1998-08-08_3,59.59235,-151.1597333
1713_1998-08-22_3,59.59235,-151.1597333
1713_1998-09-06_3,59.59235,-151.1597333
1713_1999-05-15_3,59.59235,-151.1597333
1713_1999-06-01_3,59.59235,-151.1597333
1713_1999-06-18_3,59.59235,-151.1597333
1713_1999-07-03_3,59.59235,-151.1597333
1713_1999-07-11_3,59.59235,-151.1597333
1713_1999-07-29_3,59.59235,-151.1597333
1713_1999-08-10_3,59.59235,-151.1597333
1713_1999-08-25_3,59.59235,-151.1597333
1714_2007-06-06_6,59.539985,-150.34395999999998
1714_2007-07-31_6,59.54373,-150.33971
1716_2007-06-08_6,59.72018,-149.95203
1716_2007-08-02_6,59.72018,-149.95203
1717_2007-06-09_6,59.937,-149.67613
1718_2007-06-09_6,59.85774,-149.74754
1719_2007-06-09_6,59.85888,-149.65848
172_2000-06-01_3,57.11444444,-133.205
1720_2007-08-02_6,59.76231,-150.02202
1721_2007-08-02_6,59.77547,-149.94507
1722_2007-08-03_6,59.87975,-149.73885
1723_2008-07-10_6,59.53693,-150.34883
1724_2008-07-13_6,59.69632,-149.73967
1725_2001-06-19_6,59.48122,-135.36292
1725_2001-07-12_6,59.480025,-135.355345
1725_2001-08-08_6,59.47962666666667,-135.35282
1725_2001-09-07_6,59.480025,-135.355345
1726_2001-06-19_6,59.48935,-135.35038
1726_2001-07-10_6,59.48935,-135.35038
1726_2001-08-08_6,59.48935,-135.35038
1726_2001-09-12_6,59.48935,-135.35038
173_2000-05-31_3,57.422777775,-133.45305555
1730_1995-07-25_3,59.599355,-151.412626
1730_1995-07-26_3,59.599355,-151.412626
1731_1996-07-14_3,60.183136,-152.619253
1732_1995-06-22_3,59.53776667,-151.3947
1732_1995-07-11_3,59.53776667,-151.3947
1732_1996-07-28_3,59.53776667,-151.3947
1733_1996-06-16_3,59.541359,-151.403446
1734_1976-07-26_3,59.48468333,-151.5758833
1734_1976-08-04_3,59.48468333,-151.5758833
1734_1976-08-05_3,59.48468333,-151.5758833
1734_1976-09-01_3,59.48468333,-151.5758833
1734_1976-09-22_3,59.48468333,-151.5758833
1734_1995-06-28_3,59.48468333,-151.5758833
1734_1995-07-21_3,59.48468333,-151.5758833
1734_1996-07-27_3,59.48468333,-151.5758833
1735_1995-06-22_3,59.54405,-151.4165167
1735_1995-07-11_3,59.54405,-151.4165167
1736_1996-07-03_3,60.113407,-152.589353
1737_1976-06-18_3,59.57958333,-151.3058333
1737_1976-07-28_3,59.57958333,-151.3058333
1737_1976-08-25_3,59.57958333,-151.3058333
1737_1976-09-22_3,59.57958333,-151.3058333
1737_1995-06-19_3,59.57958333,-151.3058333
1737_1995-07-11_3,59.57958333,-151.3058333
1737_1996-04-17_3,59.57958333,-151.3058333
1737_1996-05-16_3,59.57958333,-151.3058333
1737_1996-06-03_3,59.57958333,-151.3058333
1737_1996-06-14_3,59.57958333,-151.3058333
1737_1996-06-28_3,59.57958333,-151.3058333
1737_1996-07-31_3,59.57958333,-151.3058333
1737_1996-08-12_3,59.57958333,-151.3058333
1737_1996-08-27_3,59.57958333,-151.3058333
1737_1996-09-13_3,59.57958333,-151.3058333
1737_1996-12-11_3,59.57958333,-151.3058333
1737_1997-02-06_3,59.57958333,-151.3058333
1737_1997-02-08_3,59.57958333,-151.3058333
1737_1997-04-08_3,59.57958333,-151.3058333
1737_1997-04-09_3,59.57958333,-151.3058333
1737_1997-05-05_3,59.57958333,-151.3058333
1737_1997-05-06_3,59.57958333,-151.3058333
1737_1997-06-01_3,59.57958333,-151.3058333
1737_1997-06-02_3,59.57958333,-151.3058333
1737_1997-06-15_3,59.57958333,-151.3058333
1737_1997-07-02_3,59.57958333,-151.3058333
1737_1997-07-13_3,59.57958333,-151.3058333
1737_1997-08-02_3,59.57958333,-151.3058333
1737_1997-08-15_3,59.57958333,-151.3058333
1737_1997-09-01_3,59.57958333,-151.3058333
1737_1997-10-16_3,59.57958333,-151.3058333
1737_1998-05-29_3,59.57958333,-151.3058333
1737_1998-06-11_3,59.57958333,-151.3058333
1737_1998-06-13_3,59.57958333,-151.3058333
1737_1998-06-25_3,59.57958333,-151.3058333
1737_1998-07-09_3,59.57958333,-151.3058333
1737_1998-07-24_3,59.57958333,-151.3058333
1737_1998-08-08_3,59.57958333,-151.3058333
1737_1998-08-22_3,59.57958333,-151.3058333
1737_1998-09-06_3,59.57958333,-151.3058333
1737_1999-05-15_3,59.57958333,-151.3058333
1737_1999-06-01_3,59.57958333,-151.3058333
1737_1999-06-18_3,59.57958333,-151.3058333
1737_1999-07-03_3,59.57958333,-151.3058333
1737_1999-07-11_3,59.57958333,-151.3058333
1737_1999-07-29_3,59.57958333,-151.3058333
1737_1999-08-10_3,59.57958333,-151.3058333
1737_1999-08-25_3,59.57958333,-151.3058333
1738_1995-06-29_3,59.39553333,-151.9011333
1738_1995-07-23_3,59.39553333,-151.9011333
1738_1996-08-27_3,59.39553333,-151.9011333
1738_1996-09-13_3,59.39553333,-151.9011333
1738_1996-09-27_3,59.39553333,-151.9011333
1738_1996-10-27_3,59.39553333,-151.9011333
1738_1996-12-11_3,59.39553333,-151.9011333
1738_1997-03-07_3,59.39553333,-151.9011333
1738_1997-04-08_3,59.39553333,-151.9011333
1738_1997-04-09_3,59.39553333,-151.9011333
1738_1997-05-05_3,59.39553333,-151.9011333
1738_1997-05-06_3,59.39553333,-151.9011333
1738_1997-06-01_3,59.39553333,-151.9011333
1738_1997-06-02_3,59.39553333,-151.9011333
1738_1997-06-15_3,59.39553333,-151.9011333
1738_1997-07-02_3,59.39553333,-151.9011333
1738_1997-07-13_3,59.39553333,-151.9011333
1738_1997-08-02_3,59.39553333,-151.9011333
1738_1997-08-15_3,59.39553333,-151.9011333
1738_1997-09-01_3,59.39553333,-151.9011333
1738_1998-05-29_3,59.39553333,-151.9011333
1738_1998-06-11_3,59.39553333,-151.9011333
1738_1998-06-13_3,59.39553333,-151.9011333
1738_1998-06-25_3,59.39553333,-151.9011333
1738_1998-06-26_3,59.39553333,-151.9011333
1738_1998-07-09_3,59.39553333,-151.9011333
1738_1998-07-24_3,59.39553333,-151.9011333
1738_1998-08-08_3,59.39553333,-151.9011333
1738_1998-08-22_3,59.39553333,-151.9011333
1738_1998-09-06_3,59.39553333,-151.9011333
1738_1999-05-15_3,59.39553333,-151.9011333
1738_1999-06-01_3,59.39553333,-151.9011333
1738_1999-06-18_3,59.39553333,-151.9011333
1738_1999-07-03_3,59.39553333,-151.9011333
1738_1999-07-11_3,59.39553333,-151.9011333
1738_1999-07-29_3,59.39553333,-151.9011333
1738_1999-08-10_3,59.39553333,-151.9011333
1738_1999-08-25_3,59.39553333,-151.9011333
1742_1995-07-23_3,59.37703333,-151.8655833
1743_1995-06-29_3,59.43681667,-151.8036833
1743_1995-07-23_3,59.43681667,-151.8036833
1743_1996-08-21_3,59.43681667,-151.8036833
1744_1995-06-29_3,59.43298333,-151.8346333
1744_1995-07-23_3,59.43298333,-151.8346333
1745_1995-07-23_3,59.34553333,-151.8021167
1745_1996-08-21_3,59.34553333,-151.8021167
1746_2012-07-21_6,60.65468,-147.44301
1747_2012-07-23_6,60.85985,-147.18463
1748_2012-07-23_6,60.868235,-147.18444
175_2000-07-05_3,58.61,-135.2094444
1750_2012-07-23_6,60.88119,-147.17838
1751_2012-07-23_6,60.69128,-147.40824
1753_2012-07-25_6,60.48821,-147.71979
1754_2012-07-26_6,60.43781,-147.937185
1756_2012-07-26_6,60.496539999999996,-147.965755
1758_2012-07-26_6,60.62126,-148.15855
1759_2013-07-15_6,60.35232,-146.62218
176_2000-07-05_3,58.57305556,-135.1825
1760_2013-07-16_6,60.28755,-147.02856
1761_2013-07-16_6,60.3346,-146.54715
1762_2013-07-17_6,60.73364,-146.19441
1763_2013-07-18_6,60.5603,-145.96144
1764_2013-07-19_6,60.82019,-146.41748
1765_2013-07-22_6,60.68783,-147.46242
1766_1996-07-28_3,60.128166,-152.664557
1767_1976-09-02_3,59.41405,-151.7192
1767_1996-07-11_3,59.41405,-151.7192
1767_1997-06-08_3,59.41405,-151.7192
1767_1997-06-16_3,59.41405,-151.7192
1767_1997-07-01_3,59.41405,-151.7192
1767_1997-07-14_3,59.41405,-151.7192
1767_1997-08-03_3,59.41405,-151.7192
1767_1997-08-16_3,59.41405,-151.7192
1767_1998-06-12_3,59.41405,-151.7192
1767_1998-06-25_3,59.41405,-151.7192
1767_1998-07-10_3,59.41405,-151.7192
1767_1998-07-23_3,59.41405,-151.7192
1767_1998-08-09_3,59.41405,-151.7192
1767_1998-08-23_3,59.41405,-151.7192
1767_1998-09-07_3,59.41405,-151.7192
1767_1999-05-16_3,59.41405,-151.7192
1767_1999-07-02_3,59.41405,-151.7192
1767_1999-07-13_3,59.41405,-151.7192
1767_1999-07-30_3,59.41405,-151.7192
1767_1999-08-11_3,59.41405,-151.7192
1767_1999-08-26_3,59.41405,-151.7192
1768_1995-07-19_3,59.5065,-151.3723167
1769_2001-06-18_6,57.04613,-135.318
1769_2001-07-23_6,57.04219,-135.3188
1769_2001-09-18_6,57.04219,-135.3188
177_2000-07-14_3,56.194305555,-133.51680555000002
1770_2001-06-18_6,57.0394,-135.307
1770_2001-07-23_6,57.0394,-135.307
1770_2001-09-18_6,57.0394,-135.307
1773_1997-07-14_3,60.105196,-152.571851
1774_1976-08-03_3,59.46106667,-151.7083167
1774_1976-09-02_3,59.46106667,-151.7083167
1774_1995-06-29_3,59.46106667,-151.7083167
1774_1995-07-21_3,59.46106667,-151.7083167
1774_1996-07-11_3,59.46106667,-151.7083167
1774_1997-06-08_3,59.46106667,-151.7083167
1774_1997-06-16_3,59.46106667,-151.7083167
1774_1997-07-01_3,59.46106667,-151.7083167
1774_1997-07-14_3,59.46106667,-151.7083167
1774_1997-08-03_3,59.46106667,-151.7083167
1774_1997-08-16_3,59.46106667,-151.7083167
1774_1998-05-30_3,59.46106667,-151.7083167
1774_1998-06-12_3,59.46106667,-151.7083167
1774_1998-06-25_3,59.46106667,-151.7083167
1774_1998-07-10_3,59.46106667,-151.7083167
1774_1998-07-23_3,59.46106667,-151.7083167
1774_1998-08-09_3,59.46106667,-151.7083167
1774_1998-08-23_3,59.46106667,-151.7083167
1774_1998-09-07_3,59.46106667,-151.7083167
1774_1999-05-16_3,59.46106667,-151.7083167
1774_1999-07-13_3,59.46106667,-151.7083167
1774_1999-07-30_3,59.46106667,-151.7083167
1774_1999-08-26_3,59.46106667,-151.7083167
1775_1976-07-28_3,59.48181667,-151.3469667
1775_1976-08-03_3,59.48181667,-151.3469667
1775_1976-09-02_3,59.48181667,-151.3469667
1775_1995-07-19_3,59.48181667,-151.3469667
1775_1995-07-21_3,59.48181667,-151.3469667
1775_1996-08-07_3,59.48181667,-151.3469667
1776_1995-06-28_3,59.49956667,-151.4716667
1776_1995-07-19_3,59.49956667,-151.4716667
1776_1996-04-17_3,59.49956667,-151.4716667
1776_1996-05-17_3,59.49956667,-151.4716667
1776_1996-06-03_3,59.49956667,-151.4716667
1776_1996-06-14_3,59.49956667,-151.4716667
1776_1996-06-28_3,59.49956667,-151.4716667
1776_1996-08-06_3,59.49956667,-151.4716667
1776_1996-08-14_3,59.49956667,-151.4716667
1776_1996-08-23_3,59.49956667,-151.4716667
1776_1996-08-24_3,59.49956667,-151.4716667
1776_1996-09-12_3,59.49956667,-151.4716667
1776_1997-06-08_3,59.49956667,-151.4716667
1776_1997-06-16_3,59.49956667,-151.4716667
1776_1997-07-01_3,59.49956667,-151.4716667
1776_1997-07-13_3,59.49956667,-151.4716667
1776_1997-08-03_3,59.49956667,-151.4716667
1776_1997-08-16_3,59.49956667,-151.4716667
1776_1997-09-01_3,59.49956667,-151.4716667
1776_1998-05-30_3,59.49956667,-151.4716667
1776_1998-06-12_3,59.49956667,-151.4716667
1776_1998-06-26_3,59.49956667,-151.4716667
1776_1998-07-10_3,59.49956667,-151.4716667
1776_1998-07-23_3,59.49956667,-151.4716667
1776_1998-08-09_3,59.49956667,-151.4716667
1776_1998-08-23_3,59.49956667,-151.4716667
1776_1998-09-07_3,59.49956667,-151.4716667
1776_1999-05-16_3,59.49956667,-151.4716667
1776_1999-07-02_3,59.49956667,-151.4716667
1776_1999-07-13_3,59.49956667,-151.4716667
1776_1999-07-30_3,59.49956667,-151.4716667
1776_1999-08-11_3,59.49956667,-151.4716667
1776_1999-08-26_3,59.49956667,-151.4716667
1777_1976-08-03_3,59.42745,-151.74135
1777_1995-06-29_3,59.42745,-151.74135
1777_1995-07-21_3,59.42745,-151.74135
1777_1996-07-11_3,59.42745,-151.74135
1777_1996-10-10_3,59.42745,-151.74135
1777_1997-06-08_3,59.42745,-151.74135
1777_1997-06-16_3,59.42745,-151.74135
1777_1997-07-01_3,59.42745,-151.74135
1777_1997-07-14_3,59.42745,-151.74135
1777_1997-08-03_3,59.42745,-151.74135
1777_1997-08-16_3,59.42745,-151.74135
1777_1998-06-12_3,59.42745,-151.74135
1777_1998-06-25_3,59.42745,-151.74135
1777_1998-07-10_3,59.42745,-151.74135
1777_1998-07-23_3,59.42745,-151.74135
1777_1998-08-09_3,59.42745,-151.74135
1777_1998-08-23_3,59.42745,-151.74135
1777_1998-09-07_3,59.42745,-151.74135
1777_1999-05-16_3,59.42745,-151.74135
1777_1999-07-02_3,59.42745,-151.74135
1777_1999-07-13_3,59.42745,-151.74135
1777_1999-07-30_3,59.42745,-151.74135
1777_1999-08-11_3,59.42745,-151.74135
1777_1999-08-26_3,59.42745,-151.74135
1778_1995-07-19_3,59.48585,-151.458866
1779_1995-06-28_3,59.46766667,-151.4573833
1779_1995-07-19_3,59.46766667,-151.4573833
1779_1996-08-06_3,59.46766667,-151.4573833
1780_1976-05-29_3,59.4249,-151.3393167
1780_1995-07-19_3,59.4249,-151.3393167
1780_1996-08-06_3,59.4249,-151.3393167
1781_1997-06-20_3,58.943291,-152.041043
1781_1997-07-06_3,58.943291,-152.041043
1782_1996-08-09_3,60.107411,-152.617096
1784_2002-07-29_6,60.0261,-141.3704833
1785_2002-07-29_6,60.052,-141.3179833
1786_2002-08-04_6,59.59726667,-139.6143667
1787_2002-08-04_6,59.62674167,-139.65482500000002
1788_2002-08-04_6,59.644908,-139.57376
1789_2002-08-04_6,59.67366667,-139.64465
179_2000-07-15_3,56.21111111,-133.0683333
1791_1976-07-27_3,59.5133,-151.4872333
1791_1976-08-27_3,59.5133,-151.4872333
1791_1976-09-23_3,59.5133,-151.4872333
1791_1995-06-27_3,59.5133,-151.4872333
1791_1995-07-21_3,59.5133,-151.4872333
1791_1996-05-17_3,59.5133,-151.4872333
1791_1996-06-03_3,59.5133,-151.4872333
1791_1996-06-14_3,59.5133,-151.4872333
1791_1996-06-28_3,59.5133,-151.4872333
1791_1996-07-12_3,59.5133,-151.4872333
1791_1996-08-07_3,59.5133,-151.4872333
1791_1996-08-14_3,59.5133,-151.4872333
1791_1996-08-23_3,59.5133,-151.4872333
1791_1996-08-24_3,59.5133,-151.4872333
1791_1996-09-12_3,59.5133,-151.4872333
1791_1997-06-08_3,59.5133,-151.4872333
1791_1997-06-16_3,59.5133,-151.4872333
1791_1997-07-01_3,59.5133,-151.4872333
1791_1997-07-13_3,59.5133,-151.4872333
1791_1997-08-03_3,59.5133,-151.4872333
1791_1997-08-16_3,59.5133,-151.4872333
1791_1998-05-30_3,59.5133,-151.4872333
1791_1998-06-26_3,59.5133,-151.4872333
1791_1998-07-10_3,59.5133,-151.4872333
1791_1998-07-23_3,59.5133,-151.4872333
1791_1998-08-09_3,59.5133,-151.4872333
1791_1998-08-23_3,59.5133,-151.4872333
1791_1998-09-07_3,59.5133,-151.4872333
1791_1999-05-16_3,59.5133,-151.4872333
1791_1999-05-31_3,59.5133,-151.4872333
1791_1999-07-02_3,59.5133,-151.4872333
1791_1999-07-13_3,59.5133,-151.4872333
1791_1999-07-30_3,59.5133,-151.4872333
1791_1999-08-11_3,59.5133,-151.4872333
1791_1999-08-26_3,59.5133,-151.4872333
18_2001-05-11_3,58.78516667,-135.0201667
180_2000-07-15_3,56.24777778,-133.0780556
181_2000-07-15_3,56.236805555000004,-133.07263885
183_2000-07-14_3,56.146805555,-133.53930555
185_2000-08-15_3,55.41555556,-132.6880556
1855_2011-07-07_6,56.6808,-134.85434
1856_2011-07-08_6,56.57902,-134.94234
1858_2011-07-09_6,56.5888,-134.99261
1859_2011-07-11_6,57.28591,-135.55302
186_2000-08-15_3,55.42847222,-132.6594444
1860_2011-07-11_6,57.28693,-135.58479
1862_2011-07-12_6,57.29423,-135.61858
1863_2011-07-12_6,57.30025,-135.63615
1865_2011-07-12_6,57.31431,-135.78758
1866_2011-07-12_6,57.32191,-135.70192
1867_2011-07-14_6,57.83226,-136.35981333333334
1870_2011-07-15_6,57.83031,-136.35446
1871_2011-07-15_6,57.83566,-136.3775
1872_2011-07-17_6,58.3306,-136.771
1873_2011-07-18_6,58.27245,-136.68324
1874_2011-07-19_6,58.26831,-136.71698
188_2000-08-15_3,55.44861111,-132.6538889
189_1998-05-02_3,57.183072225000004,-135.34279164999998
189_1998-08-07_3,57.18586667,-135.3477833
19_2001-05-11_3,58.7735,-134.9861667
190_1998-05-02_3,57.16396667,-135.3143667
190_1998-08-07_3,57.16396667,-135.3143667
191_1999-08-09_3,57.164520835000005,-135.31672500000002
1922_2011-04-23_6,57.31757,-135.791
1925_2011-04-25_6,57.83018,-136.35442
1926_2011-04-25_6,57.83123,-136.39507
1938_2011-05-08_6,57.32162,-152.90329
1939_2011-05-10_6,58.19558,-152.35898
1941_2011-05-11_6,58.27099,-152.252135
1946_2011-05-12_6,58.25317,-152.26518
1947_2011-05-14_6,59.25562,-150.97417
195_1998-05-02_3,57.16055556,-135.3419444
195_1998-08-07_3,57.160386114999994,-135.3420972
1950_2011-05-14_6,59.278589999999994,-150.971695
1952_2011-05-14_6,59.32515,-151.0309
1956_2011-05-15_6,59.2834,-151.23883
1957_2011-05-18_6,59.87235,-149.65565
1958_2011-05-18_6,59.898735,-149.642575
197_1999-08-10_3,57.09229444666666,-135.44893333333334
1970_2011-08-03_6,58.19068,-152.34326
1971_2011-08-03_6,58.19024,-152.3225
1975_2011-08-07_6,57.35417,-153.15953
1976_2011-08-07_6,57.31266,-153.1694
1992_2011-08-12_6,59.27883,-150.97429
2_2001-04-27_3,58.5675,-134.91495
2_2001-07-24_3,58.56596665,-134.91256665
2_2002-03-25_3,58.56596665,-134.91256665
2_2002-07-24_3,58.56596665,-134.91256665
2_2003-07-02_3,58.5675,-134.91495
2_2004-03-22_3,58.56596665,-134.91256665
20_2001-05-11_3,58.77383333,-134.9353333
200_1999-08-10_3,56.9856,-135.3712
2003_2011-08-13_6,59.29352,-151.13078
201_2001-06-08_3,57.196944445,-135.38402775
201_2002-06-10_3,57.196944445,-135.38402775
201_2003-01-30_3,57.196944445,-135.38402775
201_2003-06-01_3,57.196944445,-135.38402775
201_2008-06-03_3,57.196944445,-135.38402775
2017_2011-10-16_6,57.31276,-153.16938
203_1998-05-01_3,57.195694445,-135.38597225
203_1998-08-09_3,57.195394445,-135.386580575
2038_2011-10-15_6,57.35393,-153.15967
2040_2011-09-21_6,57.28578,-135.55262
2041_2011-09-22_6,57.29737,-135.59001
2062_2011-09-30_6,57.83577,-136.37745
207_2001-06-10_3,56.98467222,-135.37148335
207_2002-06-08_3,56.98486111,-135.37347225
207_2003-05-30_3,56.98467222,-135.37148335
2087_2013-04-19_6,56.57899,-134.94247
2088_2013-04-19_6,56.71503,-134.9641
2098_2013-04-22_6,57.28529,-135.55428
21_2001-04-27_3,58.60133333,-134.9186667
210_1999-08-11_3,56.9851,-135.3746
2102_2013-04-23_6,57.30077,-135.63638
2105_2013-04-23_6,57.31437,-135.78583
2107_2013-04-25_6,57.8357,-136.37758
2111_2013-04-25_6,57.83007,-136.35468
2115_2013-04-28_6,58.27317,-136.68352
2116_2013-04-28_6,58.26746,-136.71603
212_1999-08-11_3,56.978966665,-135.31885
2126_2013-05-21_6,58.1904,-152.32231
2127_2013-05-21_6,58.27116,-152.2524
2132_2013-05-19_6,59.89931,-149.64784
2138_2013-05-11_6,57.31263,-153.16966
214_2001-06-09_3,56.978333335,-135.31138885000001
214_2002-06-09_3,56.978333335,-135.31138885000001
214_2003-01-31_3,56.978333335,-135.31138885000001
214_2003-06-01_3,56.978333335,-135.31138885000001
214_2008-06-02_3,56.978333335,-135.31138885000001
2145_2013-07-25_6,56.57892,-134.94183
2164_2013-08-01_6,57.83574,-136.37741
217_1999-08-12_3,56.978391665000004,-135.31125
2172_2013-08-03_6,58.33092,-136.77115
2180_2013-08-15_6,57.31256,-153.16956
2189_2013-08-19_6,58.19027,-152.3224
219_1999-08-12_3,57.08891667,-135.4504
2190_2013-08-19_6,58.27013,-152.25455
22_2001-04-27_3,58.59016667,-134.9045
2206_2013-08-22_6,59.29285,-151.12755
221_1998-04-29_3,57.284609725,-135.55386015
221_1998-08-01_3,57.2843181275,-135.555219925
2214_2013-08-25_6,59.89914,-149.64743000000001
2223_2013-09-22_6,57.28548,-135.55307
225_2002-08-11_3,57.56181667,-135.61155
225_2003-02-01_3,57.56181667,-135.61155
225_2003-05-28_3,57.56181667,-135.61155
225_2003-08-14_3,57.56181667,-135.61155
226_2002-08-11_3,57.57046667,-135.64
226_2003-02-01_3,57.57046667,-135.64
226_2003-05-28_3,57.57046667,-135.64
226_2003-08-14_3,57.57046667,-135.64
227_1998-08-10_3,57.56291667,-135.658472225
2273_1998-05-20_3,58.3412,-134.629
2273_1998-06-23_3,58.3412,-134.629
2273_1998-07-24_3,58.3412,-134.629
2273_1998-08-24_3,58.3412,-134.629
2276_1999-04-14_3,58.3481,-134.565
2276_1999-04-28_3,58.3481,-134.565
2276_1999-05-14_3,58.3481,-134.565
2276_1999-06-14_3,58.3481,-134.565
2276_1999-07-12_3,58.3481,-134.565
2276_1999-07-28_3,58.3481,-134.565
2276_1999-08-09_3,58.3481,-134.565
2276_1999-08-25_3,58.3481,-134.565
2276_1999-09-08_3,58.3481,-134.565
2276_1999-09-24_3,58.3481,-134.565
2277_1999-04-28_3,58.3416,-134.6311
2277_1999-05-13_3,58.3416,-134.6311
2277_1999-06-11_3,58.3416,-134.6311
2277_1999-07-12_3,58.3416,-134.6311
2277_1999-07-28_3,58.3416,-134.6311
2277_1999-08-11_3,58.3416,-134.6311
2277_1999-08-25_3,58.3416,-134.6311
2277_1999-09-08_3,58.3416,-134.6311
2277_1999-09-24_3,58.3416,-134.6311
2278_1999-05-03_3,58.3359,-134.627
2278_1999-05-19_3,58.3359,-134.627
2278_1999-06-01_3,58.3359,-134.627
2278_1999-09-12_3,58.3359,-134.627
2278_1999-09-27_3,58.3359,-134.627
2280_1999-04-21_3,58.3312,-134.6076
2280_1999-05-04_3,58.3312,-134.6076
2280_1999-05-20_3,58.3312,-134.6076
2280_1999-06-02_3,58.3312,-134.6076
2280_1999-06-18_3,58.3312,-134.6076
2280_1999-07-02_3,58.3312,-134.6076
2280_1999-07-29_3,58.3312,-134.6076
2280_1999-08-26_3,58.3312,-134.6076
2280_1999-09-12_3,58.3312,-134.6076
2280_1999-09-27_3,58.3312,-134.6076
2282_1999-04-21_3,58.337393500000005,-134.62807075
2283_1999-07-01_3,58.335937,-134.6270115
2284_2001-07-06_3,58.1971,-136.021
2288_2001-07-08_3,58.1049,-136.2717
2291_2002-06-16_3,57.9737,-134.9329
2294_2002-06-18_3,57.9519,-135.6649
2296_2002-06-17_3,58.0637,-135.0955
23_2001-07-20_3,57.2958333,-133.8655556
23_2002-03-02_3,57.2958333,-133.8655556
23_2002-07-14_3,57.29263885,-133.86444445
23_2003-03-17_3,57.2958333,-133.8655556
23_2003-07-16_3,57.29263885,-133.86444445
23_2003-08-15_3,57.2958333,-133.8655556
23_2004-03-18_3,57.29263885,-133.86444445
23_2011-06-15_3,57.2958333,-133.8655556
2300_2003-06-19_3,57.269,-134.993
2301_2003-06-19_3,57.3378,-135.0113
2304_2003-06-18_3,57.1596,-134.6063
2307_2003-06-20_3,57.31657,-134.4841
2309_2003-07-16_3,57.791,-136.2203
2309_2003-07-17_3,57.791,-136.2203
231_2001-06-06_3,57.73652778,-135.38555555
231_2002-06-12_3,57.73652778,-135.38555555
231_2003-01-29_3,57.73652778,-135.38555555
231_2003-06-03_3,57.73652778,-135.38555555
231_2008-06-04_3,57.73652778,-135.38555555
231_2009-06-23_3,57.73652778,-135.38555555
231_2010-06-14_3,57.736561853333335,-135.38526703333332
2312_2003-07-18_3,57.706,-136.1318
2313_2003-07-17_3,57.7058,-136.1318
2316_2003-07-19_3,57.4456,-135.8184
2317_2003-07-19_3,57.4692,-135.8325
2323_2003-08-15_3,57.0034,-132.7836
2325_2003-08-16_3,57.14275,-133.1363
2328_2003-09-06_3,56.9512,-133.2916
233_1998-08-12_3,57.77518518666667,-135.19353333333333
2330_2003-09-07_3,57.33595,-134.1737
2330_2003-09-08_3,57.3339,-134.1687
2333_2003-09-07_3,57.3795,-134.1888
2341_2004-04-15_3,57.5513,-135.6633
2343_2004-04-16_3,57.6259,-135.696
2344_2004-04-16_3,57.6585,-135.698
2346_2004-04-17_3,57.1484,-135.2101
2348_2004-04-18_3,57.2832,-135.5535
235_1998-08-12_3,57.77611111,-135.18222225
2351_2004-04-19_3,57.247,-135.3438
2353_2004-04-20_3,57.15257,-135.5832
2355_2004-04-21_3,57.24325,-135.6442
2358_2004-06-07_3,58.34118962,-134.6321298
2359_2004-06-07_3,58.34888,-134.5678
2360_2004-06-08_3,58.7481,-135.0431
2362_2004-06-08_3,58.67747426,-134.9486304
2363_2004-06-09_3,58.67113352,-134.9219263
2365_2004-07-15_3,56.9406,-133.9269
2367_2004-07-15_3,56.86584592,-133.8445956
2368_2004-07-15_3,56.91525757,-133.8433994
237_1999-08-15_3,58.075833335,-136.45319445
2370_2004-07-16_3,56.86416149,-133.8421334
2374_2004-07-17_3,56.54105723,-134.1959382
2377_2004-07-18_3,56.3676242525,-134.173230625
2383_2004-07-19_3,56.25451684,-133.9791513
2386_2004-07-20_3,56.59277022,-133.6748655
2387_2004-07-20_3,56.5954,-133.6553
239_1999-08-15_3,58.09763889,-136.4948611
2391_2004-09-01_3,60.7859,-148.5598
2393_2004-09-01_3,60.7859,-148.5598
2394_2004-09-02_3,60.7804,-148.5693
2396_1998-04-24_3,58.6781,-134.9476
2396_1998-06-10_3,58.6781,-134.9476
2396_1998-08-07_3,58.6781,-134.9476
2397_1998-06-11_3,58.6718,-134.9226
2398_1998-06-11_3,58.6777,-134.9496
24_2001-07-20_3,57.3036111,-133.8602778
24_2002-02-28_3,57.3036111,-133.8602778
24_2002-07-11_3,57.3036111,-133.8602778
24_2003-03-17_3,57.3036111,-133.8602778
24_2003-07-15_3,57.303455549999995,-133.86165555000002
2402_2005-04-06_3,55.4811,-133.1402
2406_2005-04-07_3,55.586600000000004,-133.2011
2409_2005-04-08_3,55.4708,-133.4272
241_1999-07-28_3,60.860833334999995,-146.67291665
2412_2005-04-09_3,55.771950000000004,-133.53645
2415_2005-04-10_3,55.8264,-133.16585
2418_2005-04-11_3,56.3313,-133.4147
2421_2005-04-12_3,56.515299999999996,-133.12295
2424_2005-05-05_3,58.7118,-135.2346
2425_2005-05-06_3,59.1866,-135.486
2429_2005-05-06_3,59.4537,-135.3306
2430_2005-05-07_3,59.4515,-135.3363
2432_2005-05-08_3,59.4199,-135.3408
2433_2005-05-09_3,58.733,-135.0283
2434_2005-05-09_3,58.708,-135.2373
2436_2005-05-10_3,59.20685,-135.33370000000002
2439_2005-05-11_3,58.7843,-134.937
244_1999-07-28_3,60.85916667,-146.7091667
2440_2005-05-11_3,58.7697,-134.9339
2442_2005-05-12_3,58.60745,-135.19655
2445_2005-05-24_3,58.3481,-134.5676
2446_2005-05-25_3,58.3337,-134.6222
2447_2005-05-25_3,58.32958,-134.6076
2448_2005-05-26_3,58.6713,-134.92155
2449_2005-05-26_3,58.6768,-134.9485
245_1999-07-29_3,60.85861111,-146.7083333
2451_2013-07-06_3,58.34073,-154.17139
2452_2013-07-09_3,58.33707,-154.16434
2454_2013-07-05_3,58.31046,-154.21219
2455_2013-07-06_3,58.32058,-154.25638
2456_2013-07-06_3,58.30491,-154.19493
2457_2013-07-06_3,58.29535,-154.20741
2459_2013-07-09_3,58.34952,-154.13056
246_1999-07-29_3,60.86472222,-146.6844444
2461_2013-07-09_3,58.311279999999996,-154.28171
2462_2013-07-10_3,58.26246,-154.21605
2463_2013-07-10_3,58.25679,-154.23044
2464_2013-07-10_3,58.24823,-154.19543
2466_2013-07-03_3,58.15939,-154.43927666666667
2467_2013-07-05_3,58.16721,-154.44083
2468_2013-07-04_3,58.177875,-154.44877
2470_2013-07-10_3,58.087865,-154.4803
2472_2013-07-10_3,58.08849,-154.50507
2473_2013-07-04_3,58.11551,-154.37941
2477_2013-07-04_3,58.192049999999995,-154.48385000000002
2479_2013-07-05_3,58.15579,-154.44215
248_1999-07-28_3,60.86777778,-146.7536111
249_1999-07-27_3,60.86888889,-146.7561111
25_2001-07-20_3,57.3077778,-133.8497222
25_2002-02-28_3,57.3077778,-133.8497222
25_2002-07-11_3,57.3077778,-133.8497222
25_2003-03-16_3,57.3077778,-133.8497222
25_2003-07-16_3,57.3077778,-133.8497222
25_2004-03-16_3,57.3077778,-133.8497222
250_1999-07-27_3,60.86453703666667,-146.8071222
2505_2018-08-13_3,70.133022,-143.610596
253_1998-08-13_3,58.231,-134.91743333333335
257_1998-08-10_3,57.56694444666667,-135.62970373333334
258_1998-08-10_3,57.56472222,-135.6105556
26_2001-07-21_3,57.3086111,-133.8313888
26_2002-02-28_3,57.3086111,-133.8313888
26_2002-07-11_3,57.3086111,-133.8313888
26_2003-03-16_3,57.3086111,-133.8313888
26_2003-07-14_3,57.3086111,-133.8313888
26_2003-08-15_3,57.3086111,-133.8313888
26_2004-03-16_3,57.3086111,-133.8313888
261_1998-08-12_3,57.778194445,-135.1295833
265_1998-08-11_3,57.50790000000001,-134.92705
266_1998-08-11_3,57.5031,-134.9111
267_1998-08-11_3,57.4922,-134.8919
269_1998-08-02_3,57.31931667,-135.6979
270_1998-04-29_3,57.29221667,-135.6036
271_1998-04-30_3,57.34388889,-135.675
272_1998-04-30_3,57.340138890000006,-135.70774999999998
274_1998-04-29_3,57.290141665,-135.58786665
274_1998-08-01_3,57.290141665,-135.58786665
275_1998-08-01_3,57.29236111,-135.6047222
280_1998-08-05_3,56.99722222,-135.1644444
281_1998-08-05_3,57.00694444,-135.16041665
284_1998-08-05_3,56.98583333,-135.1333
285_1998-08-02_3,57.337916665,-135.70860555000002
287_1998-08-09_3,57.21972222,-135.3942
288_1998-05-01_3,57.23638889,-135.355
288_1998-08-09_3,57.23638889,-135.355
289_1998-08-09_3,57.24222222,-135.3519444
29_2001-07-21_3,57.3091666,-133.8161111
29_2002-03-01_3,57.3091666,-133.8161111
29_2002-07-11_3,57.3091666,-133.8161111
29_2003-03-18_3,57.3091666,-133.8161111
29_2003-07-14_3,57.3091666,-133.8161111
29_2003-08-15_3,57.3091666,-133.8161111
29_2004-03-16_3,57.3091666,-133.8161111
29_2011-06-16_3,57.3091666,-133.8161111
290_1998-05-02_3,57.24222222,-135.3519444
291_1998-05-01_3,57.23194444,-135.3708333
291_1998-08-09_3,57.23194444,-135.3708333
292_1998-08-09_3,57.24972222,-135.3686111
294_1998-05-01_3,57.22027778,-135.3963889
297_1998-05-02_3,57.237219445,-135.3647111
299_1998-05-02_3,57.15638889,-135.3533333
299_1998-08-08_3,57.15638889,-135.3533333
3_2001-04-27_3,58.56305,-134.90165
3_2001-07-24_3,58.562075,-134.9006083
3_2002-03-25_3,58.562075,-134.9006083
3_2002-07-24_3,58.56305,-134.90165
3_2003-07-02_3,58.56305,-134.90165
3_2004-03-22_3,58.562075,-134.9006083
30_2001-07-21_3,57.2988888,-133.8233333
30_2002-03-01_3,57.2993055,-133.82416665
30_2002-07-12_3,57.2993055,-133.82416665
30_2003-03-19_3,57.2993055,-133.82416665
30_2003-07-13_3,57.2993055,-133.82416665
30_2003-08-16_3,57.2988888,-133.8233333
30_2004-03-18_3,57.2993055,-133.82416665
301_1998-08-08_3,57.16388889,-135.3294444
302_1998-08-08_3,57.17722222,-135.3077778
303_1998-08-08_3,57.18027778,-135.3377778
306_1998-05-02_3,57.16611111,-135.3586111
306_1998-08-08_3,57.16611111,-135.3586111
307_1998-05-03_3,57.15883333,-135.3780833
308_1998-05-03_3,57.144608335,-135.37680834999998
31_2001-07-22_3,57.2927777,-133.815
31_2002-03-03_3,57.2927777,-133.815
31_2002-07-13_3,57.2927777,-133.815
31_2003-03-19_3,57.2927777,-133.815
31_2003-07-13_3,57.2927777,-133.815
31_2003-08-16_3,57.2927777,-133.815
31_2004-03-18_3,57.2927777,-133.815
31_2011-06-16_3,57.2927777,-133.815
311_1998-05-03_3,57.144099999999995,-135.3938
313_1998-05-03_3,57.1652,-135.3627
314_1998-05-03_3,57.17676667,-135.2965
315_1998-04-30_3,57.3221527775,-135.6702
315_1998-08-02_3,57.3225,-135.6694
32_2001-07-22_3,57.2997222,-133.825
320_1998-08-04_3,56.83740740666667,-135.41851853333333
322_1998-08-04_3,56.83027778,-135.4247222
324_1998-08-04_3,56.84722222,-135.4177778
325_1998-08-04_3,56.843325,-135.39307780000001
328_1998-08-03_3,56.84652778,-135.4954222
33_2001-07-22_3,57.2894444,-133.8633333
33_2003-03-18_3,57.2894444,-133.8633333
330_1998-08-03_3,56.8419,-135.5172
331_1998-08-03_3,56.83777778,-135.5322
334_2003-03-20_3,57.291,-133.7950333
335_1998-05-15_3,55.52888889,-133.19
336_1998-05-14_3,55.479166665,-133.1880778
338_1998-05-15_3,55.519722220000006,-133.15527780000002
340_1998-06-12_3,55.52576667,-133.1407
35_2001-07-23_3,57.3026166,-133.80445
35_2002-03-01_3,57.30064995,-133.8004
35_2002-07-13_3,57.30064995,-133.8004
35_2003-07-15_3,57.3026166,-133.80445
35_2004-03-16_3,57.30064995,-133.8004
36_2001-07-23_3,57.3037166,-133.8433333
36_2002-07-13_3,57.3037166,-133.8433333
36_2003-03-20_3,57.3037166,-133.8433333
36_2003-07-14_3,57.3037166,-133.8433333
36_2004-03-17_3,57.3037166,-133.8433333
364_2004-06-02_3,58.66993333333333,-134.91320000000002
364_2005-07-06_3,58.66993333333333,-134.91320000000002
364_2006-08-09_3,58.66993333333333,-134.91320000000002
367_2004-06-02_3,58.6954,-134.9356
367_2005-07-06_3,58.69475,-134.9349
367_2005-07-21_3,58.69475,-134.9349
367_2006-08-09_3,58.69475,-134.9349
368_2004-06-02_3,58.7057,-134.9464
368_2005-07-06_3,58.7057,-134.9464
368_2005-07-21_3,58.7057,-134.9464
368_2006-08-09_3,58.7057,-134.9464
369_2004-06-03_3,58.6941,-134.9342
37_2003-07-13_3,57.2986833,-133.79635
37_2003-08-16_3,57.2986833,-133.79635
370_2004-06-03_3,58.6415,-134.95626666666666
370_2005-07-07_3,58.6415,-134.95626666666666
370_2006-08-10_3,58.640775,-134.955825
371_2005-07-22_3,58.64033333333333,-134.95589999999999
373_2004-06-04_3,58.632549999999995,-134.94645
373_2005-07-07_3,58.632549999999995,-134.94645
373_2006-08-10_3,58.632549999999995,-134.94645
374_2004-06-04_3,58.6386,-134.9545
375_2009-07-24_3,58.6348,-134.948
376_2004-08-15_3,71.2322,-155.6858
376_2005-08-10_3,71.2322,-155.6858
376_2006-08-14_3,71.2322,-155.6858
376_2013-08-18_3,71.2322,-155.6858
376_2014-08-19_3,71.2322,-155.6858
377_2004-08-15_3,71.23174,-155.63483
377_2005-08-10_3,71.23174,-155.63483
377_2006-08-14_3,71.23174,-155.63483
378_2004-08-15_3,71.22666111000001,-155.58480835
378_2005-08-10_3,71.22666111000001,-155.58480835
378_2006-08-14_3,71.2261,-155.58795
379_2004-08-15_3,71.23722222,-155.7177778
379_2005-08-10_3,71.23722222,-155.7177778
379_2006-08-14_3,71.23722222,-155.7177778
379_2009-08-07_3,71.23722222,-155.7177778
379_2009-09-13_3,71.23722222,-155.7177778
38_2002-03-02_3,57.3033,-133.8630333
38_2002-07-14_3,57.3033,-133.8630333
38_2003-03-18_3,57.3033,-133.8630333
38_2003-08-15_3,57.3033,-133.8630333
38_2004-03-17_3,57.3033,-133.8630333
38_2011-06-15_3,57.3033,-133.8630333
380_2007-08-09_3,71.2322,-155.635
380_2009-09-13_3,71.2322,-155.635
381_2007-08-09_3,71.22722222,-155.5816667
381_2009-09-13_3,71.22722222,-155.5816667
382_2005-06-10_3,54.1708,-165.80675
388_2005-06-11_3,54.2438,-165.60856666666666
39_2002-03-03_3,57.2828666,-133.8416666
39_2002-07-12_3,57.2828666,-133.8416666
39_2003-03-19_3,57.2828666,-133.8416666
39_2003-07-14_3,57.2828666,-133.8416666
39_2004-03-17_3,57.2828666,-133.8416666
391_2005-06-11_3,54.237725,-165.624225
393_2005-06-11_3,54.239999999999995,-165.59465
395_2005-06-11_3,54.2334,-165.5852
398_2005-06-12_3,54.145250000000004,-165.73694999999998
4_2003-03-23_3,58.5644333,-134.9101833
4_2003-07-01_3,58.5644333,-134.9101833
400_2005-06-12_3,54.1363,-165.7577
401_2005-06-12_3,54.1184,-165.76583333333335
403_2005-06-12_3,54.1286,-165.823
404_2005-06-12_3,54.1141,-165.7463
407_2005-06-13_3,53.8092,-166.2087
408_2005-06-13_3,53.8204,-166.2117
409_2005-06-13_3,53.7825,-166.2737
411_2005-06-13_3,53.777,-166.2363
412_2005-06-13_3,53.7885,-166.2176
413_2005-06-13_3,53.7355,-166.29215
415_2005-06-13_3,53.759,-166.2991
416_2005-06-13_3,53.73095,-166.32355
418_2005-06-14_3,53.709599999999995,-166.55615
420_2005-06-14_3,53.7131,-166.5377
421_2005-06-14_3,53.7019,-166.54059999999998
423_2005-06-14_3,53.79085,-166.51330000000002
425_2005-06-14_3,53.7791,-166.50545
427_2005-06-14_3,53.7785,-166.4858
428_2005-06-15_3,53.9145,-166.26573333333334
434_2005-06-15_3,53.945875,-166.3425
438_2005-06-16_3,53.97795,-166.8426
440_2005-06-16_3,53.9928,-166.8219
441_2005-06-16_3,53.99925,-166.70905
442_2005-06-16_3,54.0055,-166.69425
445_2005-06-17_3,53.9498,-166.6264
446_2005-06-17_3,53.9321,-166.641
447_2005-06-17_3,53.9226,-166.648
448_2005-06-17_3,53.9146,-166.6409
449_2005-06-17_3,53.8857,-166.6299
450_2005-06-18_3,53.8989,-166.4647
451_2005-06-18_3,53.9017,-166.4449
452_2005-06-18_3,53.915800000000004,-166.43835
454_2005-06-23_3,58.3809,-134.6918
454_2005-06-24_3,58.3809,-134.6918
454_2006-04-15_3,58.3805,-134.6918
454_2006-05-16_3,58.3805,-134.6918
454_2006-06-26_3,58.3805,-134.6918
454_2006-07-25_3,58.3805,-134.6918
454_2006-08-23_3,58.3805,-134.6918
454_2006-08-24_3,58.3805,-134.6918
454_2006-10-06_3,58.3805,-134.6918
454_2007-07-31_3,58.3805,-134.6918
454_2007-09-26_3,58.3805,-134.6918
454_2009-07-20_3,58.3805,-134.6918
454_2009-07-21_3,58.3805,-134.6918
454_2009-07-22_3,58.3805,-134.6918
454_2009-07-23_3,58.3805,-134.6918
455_2005-06-23_3,58.3819,-134.6603
455_2006-04-15_3,58.3819,-134.6603
455_2006-05-16_3,58.3819,-134.6603
455_2006-06-26_3,58.3819,-134.6603
455_2006-07-24_3,58.3836,-134.656
455_2006-08-23_3,58.3819,-134.6603
455_2006-08-24_3,58.3819,-134.6603
455_2006-10-06_3,58.3819,-134.6603
456_2005-06-27_3,58.3853,-134.6517
456_2007-08-02_3,58.3853,-134.6517
456_2009-07-22_3,58.3853,-134.6517
457_2005-06-28_3,58.3018,-134.6813
457_2006-07-26_3,58.3018,-134.6813
457_2007-08-02_3,58.3018,-134.6813
460_2005-07-07_3,58.6492,-134.9689
461_2005-07-08_3,58.2282,-134.2659
462_2005-07-08_3,58.1926,-134.2638
463_2005-07-08_3,58.20466,-134.2155
464_2005-07-18_3,58.4309,-134.7648
464_2006-07-27_3,58.4309,-134.7648
465_2005-08-10_3,71.2721,-155.9245
465_2006-08-14_3,71.2721,-155.9245
466_2005-08-10_3,71.3381,-156.1677
467_2005-08-10_3,71.3478,-156.2726
469_2005-08-10_3,71.3683,-156.40195
469_2006-08-14_3,71.3683,-156.40195
471_2005-08-11_3,70.8355,-158.0004
472_2005-08-11_3,70.83879999999999,-157.97565
474_2005-08-11_3,70.8432,-157.9452
475_2005-08-06_3,71.3856,-156.4793
475_2006-08-14_3,71.38495,-156.47875
477_2008-08-15_3,71.3816,-156.4802
477_2009-08-11_3,71.3816,-156.4802
477_2009-09-14_3,71.3816,-156.4802
477_2013-07-26_3,71.38385,-156.469865
477_2013-08-07_3,71.38385,-156.469865
477_2013-08-16_3,71.3816,-156.4802
477_2013-08-26_3,71.3816,-156.4802
477_2014-07-20_3,71.3816,-156.4802
477_2014-07-26_3,71.3816,-156.4802
477_2014-08-04_3,71.3816,-156.4802
477_2014-08-20_3,71.3816,-156.4802
477_2015-07-15_3,71.38385,-156.469865
477_2015-07-20_3,71.38385,-156.469865
477_2015-08-11_3,71.3816,-156.4802
478_2005-08-06_3,71.3155,-156.7221
478_2006-08-13_3,71.3155,-156.7221
480_2005-08-06_3,71.293,-156.7907
480_2006-08-13_3,71.293,-156.7907
481_2006-08-13_3,71.2805,-156.8216
483_2005-08-06_3,71.2143,-156.9565
483_2006-08-13_3,71.2143,-156.9565
485_2006-05-02_3,60.744926666666665,-148.21790666666666
485_2006-07-16_3,60.744926666666665,-148.21790666666666
485_2006-09-05_3,60.744926666666665,-148.21790666666666
485_2007-07-18_3,60.744926666666665,-148.21790666666666
492_2006-05-01_3,60.62435,-148.20183
492_2006-07-15_3,60.62435,-148.20183
492_2006-09-10_3,60.62435,-148.20183
492_2007-07-17_3,60.62435,-148.20183
493_2006-05-01_3,60.63426,-148.17186
493_2006-07-15_3,60.63426,-148.17186
493_2006-09-10_3,60.63426,-148.17186
493_2007-07-17_3,60.63426,-148.17186
494_2006-05-01_3,60.65727,-148.18629
494_2006-07-15_3,60.65727,-148.18629
494_2006-09-10_3,60.65727,-148.18629
494_2007-07-17_3,60.65727,-148.18629
497_2006-04-28_3,60.35992,-148.24298
497_2006-07-12_3,60.35933,-148.2377
497_2006-09-08_3,60.35933,-148.2377
497_2007-07-15_3,60.35933,-148.2377
497_2007-08-31_3,60.35933,-148.2377
497_2007-09-02_3,60.35933,-148.2377
499_2006-04-28_3,60.34002,-148.22215
499_2006-07-12_3,60.342125,-148.226815
499_2006-09-08_3,60.342125,-148.226815
499_2007-07-15_3,60.342125,-148.226815
499_2007-08-31_3,60.34002,-148.22215
499_2007-09-03_3,60.34002,-148.22215
5_2002-07-26_3,58.5611,-134.89956660000001
5_2003-03-22_3,58.5611,-134.89956660000001
5_2003-07-01_3,58.5611,-134.89956660000001
503_2006-04-29_3,60.3812,-148.15376
503_2006-07-13_3,60.3812,-148.15376
503_2006-09-08_3,60.3812,-148.15376
503_2007-07-11_3,60.3812,-148.15376
503_2007-08-29_3,60.3812,-148.15376
503_2007-08-31_3,60.3812,-148.15376
504_2006-04-29_3,60.37456,-148.13781
504_2006-07-13_3,60.37456,-148.13781
504_2006-09-08_3,60.37278,-148.13773
504_2007-07-11_3,60.37456,-148.13781
504_2007-08-29_3,60.37278,-148.13773
504_2007-08-31_3,60.37278,-148.13773
508_2006-04-30_3,60.360463333333335,-148.09177666666668
508_2006-07-14_3,60.360463333333335,-148.09177666666668
508_2006-09-09_3,60.360463333333335,-148.09177666666668
508_2007-07-16_3,60.360463333333335,-148.09177666666668
508_2007-08-29_3,60.36148,-148.08976
508_2007-08-31_3,60.36148,-148.08976
511_2006-04-25_3,60.23576,-148.2372
511_2006-07-09_3,60.23576,-148.2372
511_2006-09-07_3,60.23576,-148.2372
511_2007-07-13_3,60.23576,-148.2372
511_2007-08-28_3,60.23576,-148.2372
511_2007-08-30_3,60.23576,-148.2372
512_2006-04-25_3,60.22721,-148.25193000000002
512_2006-07-09_3,60.22721,-148.25193000000002
512_2006-09-07_3,60.22721,-148.25193000000002
512_2007-07-13_3,60.22721,-148.25193000000002
512_2007-08-28_3,60.22866,-148.2502
512_2007-08-30_3,60.22866,-148.2502
518_2006-04-26_3,60.20911,-148.15277
518_2006-07-10_3,60.20911,-148.15277
518_2006-09-07_3,60.20911,-148.15277
518_2007-07-14_3,60.20911,-148.15277
518_2007-08-28_3,60.20911,-148.15277
518_2007-08-30_3,60.20911,-148.15277
519_2006-04-26_3,60.185135,-148.174035
519_2006-07-10_3,60.185135,-148.174035
519_2006-09-07_3,60.1868,-148.17258
519_2007-07-14_3,60.185135,-148.174035
519_2007-08-28_3,60.1868,-148.17258
519_2007-08-30_3,60.1868,-148.17258
521_2006-04-26_3,60.18239,-148.02965
521_2006-07-11_3,60.18239,-148.02965
521_2007-07-12_3,60.18239,-148.02965
524_2006-04-27_3,60.16771,-148.042205
524_2006-07-11_3,60.16771,-148.042205
524_2006-09-06_3,60.16771,-148.042205
524_2007-07-12_3,60.16771,-148.042205
524_2007-08-30_3,60.16771,-148.042205
524_2007-09-01_3,60.16771,-148.042205
526_2006-06-09_3,57.73867,-135.2709
527_2006-06-09_3,57.738967,-135.181883
528_2006-06-09_3,57.755,-135.1129
529_2006-06-10_3,57.24168,-135.62273
530_2006-06-10_3,57.22994,-135.59845
531_2006-06-10_3,57.22107,-135.57623
532_2006-06-11_3,56.926276666666666,-135.34845433333334
535_2006-06-11_3,56.91081,-135.325285
537_2006-06-12_3,56.879603333333336,-135.34207666666666
540_2006-06-12_3,56.90899,-135.40018
541_2006-06-13_3,57.04324,-135.3019
543_2006-06-13_3,57.03754,-135.29289
544_2006-06-13_3,57.03888,-135.32762
545_2006-06-14_3,57.15399,-135.357225
548_2006-06-15_3,57.87341,-135.5983
549_2006-06-15_3,57.87144,-135.61572
550_2006-06-15_3,57.87158,-135.56995
551_2006-06-16_3,57.89357,-135.62251
552_2006-06-16_3,57.91707,-135.6881
553_2006-06-16_3,57.94446,-135.73018
554_2006-06-17_3,57.77795666666667,-135.15621000000002
557_2006-07-08_3,60.785225,-148.56229
559_2006-07-08_3,60.79535,-148.53342500000002
562_2007-08-30_3,60.20034,-148.05629
563_2007-08-30_3,60.20034,-148.05629
564_2007-08-07_3,71.351,-156.5706
564_2008-08-16_3,71.351,-156.5706
564_2009-08-07_3,71.351,-156.5706
564_2009-09-14_3,71.351,-156.5706
564_2013-07-15_3,71.351,-156.5706
564_2013-07-21_3,71.351,-156.5706
564_2013-08-02_3,71.351,-156.5706
564_2013-08-09_3,71.351,-156.5706
564_2013-08-13_3,71.35071500000001,-156.57014500000002
564_2013-08-23_3,71.351,-156.5706
564_2014-07-17_3,71.35071500000001,-156.57014500000002
564_2014-07-24_3,71.351,-156.5706
564_2014-07-31_3,71.351,-156.5706
564_2014-08-21_3,71.35071500000001,-156.57014500000002
564_2015-07-15_3,71.35071500000001,-156.57014500000002
564_2015-07-20_3,71.35071500000001,-156.57014500000002
564_2015-08-06_3,71.351,-156.5706
564_2015-08-11_3,71.351,-156.5706
568_2005-08-06_3,71.3056,-156.755
568_2006-08-13_3,71.3056,-156.755
568_2007-08-07_3,71.3056,-156.755
568_2009-08-07_3,71.3056,-156.755
568_2009-09-14_3,71.3056,-156.755
568_2013-08-02_3,71.3056,-156.755
568_2013-08-09_3,71.3056,-156.755
568_2013-08-12_3,71.3056,-156.755
568_2013-08-23_3,71.3056,-156.755
568_2013-08-26_3,71.3056,-156.755
568_2014-07-19_3,71.3056,-156.755
568_2014-07-23_3,71.3056,-156.755
568_2014-07-30_3,71.3056,-156.755
568_2015-07-17_3,71.3056,-156.755
568_2015-07-21_3,71.3056,-156.755
568_2015-07-26_3,71.3056,-156.755
568_2015-08-11_3,71.3056,-156.755
568_2015-08-19_3,71.3056,-156.755
572_2005-08-06_3,71.2375,-156.9101
572_2006-08-13_3,71.2375,-156.9101
572_2007-08-07_3,71.2375,-156.9101
572_2008-08-16_3,71.2375,-156.9101
572_2009-08-11_3,71.2375,-156.9101
572_2009-09-14_3,71.2375,-156.9101
572_2013-07-18_3,71.2375,-156.9101
572_2013-07-30_3,71.2375,-156.9101
572_2013-08-06_3,71.2375,-156.9101
572_2013-08-12_3,71.2375,-156.9101
572_2013-08-25_3,71.2375,-156.9101
572_2014-07-31_3,71.2375,-156.9101
572_2014-08-06_3,71.2375,-156.9101
572_2014-08-18_3,71.2375,-156.9101
572_2015-07-16_3,71.2375,-156.9101
572_2015-07-22_3,71.2375,-156.9101
572_2015-08-06_3,71.2375,-156.9101
572_2015-08-12_3,71.2375,-156.9101
575_2005-08-06_3,71.1644,-157.04814
575_2006-08-13_3,71.1644,-157.04814
575_2007-08-07_3,71.1644,-157.04814
575_2009-08-11_3,71.1644,-157.04814
575_2009-09-14_3,71.1644,-157.04814
575_2013-08-27_3,71.1644,-157.04814
578_2007-08-07_3,71.0897,-157.1791
578_2008-08-16_3,71.0897,-157.1791
578_2009-09-14_3,71.0897,-157.1791
593_2007-06-12_3,55.2541,-132.4418
594_2007-06-12_3,55.25155,-132.38445000000002
595_2007-06-13_3,54.98625,-132.10739999999998
596_2007-06-13_3,54.9711,-132.0924
598_2007-06-14_3,54.7401,-132.1536
599_2007-06-14_3,54.7235,-132.1249
6_2001-04-24_3,58.5030555,-134.80499995
6_2001-08-02_3,58.5030555,-134.80499995
601_2007-06-14_3,54.7051,-132.1005
602_2007-06-15_3,55.047,-131.0105
603_2007-06-15_3,55.045249999999996,-130.9973
605_2007-06-15_3,55.0635,-130.9917
606_2007-06-16_3,54.976,-131.25490000000002
607_2007-06-16_3,54.9684,-131.2492
609_2007-06-17_3,55.3572,-131.2667
610_2007-06-17_3,55.3868,-131.2886
611_2007-06-17_3,55.319950000000006,-131.2573
613_2007-06-18_3,55.176,-131.5972
614_2007-06-18_3,55.1782,-131.5791
615_2007-06-18_3,55.1872,-131.5824
616_2007-06-19_3,55.1558,-131.74573333333333
619_2007-06-20_3,55.5446,-131.7032
620_2007-06-20_3,55.5582,-131.70495
623_2008-06-01_3,57.6166,-135.6247
624_2008-06-01_3,57.6131,-135.5884
625_2008-06-07_3,57.9894,-135.5976
626_2008-06-08_3,58.1992,-135.1045
627_2008-06-08_3,58.2103,-135.1178
631_2008-07-01_3,59.4368,-151.3989
632_2008-07-01_3,59.4516,-151.4207
633_2008-07-01_3,59.483,-151.5001
634_2008-07-02_3,59.513,-151.4231
635_2008-07-02_3,59.5036,-151.438
636_2008-07-02_3,59.51275,-151.4604
638_2008-07-03_3,59.5782,-151.2687
639_2008-07-03_3,59.5945,-151.2793
640_2008-07-03_3,59.5795,-151.2974
641_2008-07-03_3,59.567,-151.3511
642_2008-07-04_3,59.486,-151.5711
643_2008-07-04_3,59.4684,-151.5319
644_2008-07-04_3,59.50585,-151.53195
659_2009-07-28_3,58.8218,-158.5503
660_2009-07-28_3,58.84625,-158.5545
662_2009-07-30_3,58.8565,-158.4909
663_2009-07-31_3,58.5783,-158.7734
664_2009-07-31_3,58.5895,-158.77893
665_2009-07-31_3,58.7848,-158.6676
666_2009-07-31_3,58.7725,-158.6598
667_2009-08-04_3,58.6627,-159.2877
668_2009-08-05_3,58.8212,-159.8003
669_2009-08-05_3,58.906,-159.7352
670_2009-08-05_3,58.85735,-159.7491
672_2009-08-06_3,58.772999999999996,-159.91064999999998
674_2009-08-06_3,58.8595,-159.9837
675_2009-08-06_3,58.877,-160.0031
676_2009-08-18_3,61.1282,-150.2847
678_2009-08-18_3,61.1713,-150.2225
678_2010-07-14_3,61.1713,-150.2225
678_2012-06-11_3,61.17118,-150.21881333333332
678_2012-07-27_3,61.17118,-150.21881333333332
678_2012-09-10_3,61.17118,-150.21881333333332
679_2009-08-20_3,60.0783,-149.3474
680_2009-08-20_3,60.1026,-149.3644
681_2009-08-21_3,60.781549999999996,-148.716
686_2010-07-13_3,58.3266,-136.2154
687_2010-07-13_3,58.3348,-136.2049
689_2010-07-14_3,57.83035,-136.39305000000002
691_2010-07-15_3,57.8026,-136.3774
692_2010-07-15_3,57.8093,-136.3622
693_2010-07-15_3,57.8223,-136.361
694_2010-07-15_3,57.84367,-136.37634
695_2010-07-16_3,58.3403,-136.8075
696_2010-07-16_3,58.3227,-136.802
697_2010-07-16_3,58.3306,-136.7715
698_2010-07-28_3,58.376644999999996,-134.722735
700_2010-07-14_3,61.344665000000006,-149.719125
702_2010-07-12_3,61.1259,-146.6034
703_2010-07-12_3,61.1156,-146.5863
704_2010-07-12_3,61.1288,-146.4705
705_2010-07-13_3,61.1257,-146.4099
706_2010-07-13_3,61.1228,-146.3402
707_2010-08-11_3,59.232749999999996,-135.4389
712_2009-06-24_3,58.10817,-134.7599
713_2011-06-14_3,57.43722,-133.90677
714_2011-06-14_3,57.42353,-133.89606
715_2011-06-14_3,57.43222,-133.89243
716_2011-06-17_3,57.71903,-133.99858
717_2011-06-17_3,57.72993,-133.99606
718_2011-06-17_3,57.74682,-134.01697
719_2011-06-18_3,58.06296,-134.02152999999998
721_2011-06-18_3,58.07144,-134.02322
725_2012-06-11_3,61.17297,-150.20467
725_2012-07-27_3,61.1737,-150.19795
725_2012-09-10_3,61.1737,-150.19795
726_2012-06-13_3,61.17443,-150.19123
727_2012-06-12_3,61.242208335,-149.98015835
727_2012-07-26_3,61.242208335,-149.98015835
727_2012-09-11_3,61.24241667,-149.9770667
729_2012-07-26_3,61.24297,-150.032295
729_2012-09-11_3,61.24297,-150.032295
741_2012-08-13_3,70.14589,-143.58928
743_2012-08-14_3,70.11551,-143.91785
745_2012-08-15_3,70.13403,-143.66112
747_2012-08-15_3,70.11055,-143.70456
748_2012-08-15_3,70.1204,-143.89415
749_2012-08-15_3,70.10233,-143.63362
750_2012-08-16_3,70.0908,-144.00734
752_2012-08-16_3,70.00137,-144.52483
754_2012-08-17_3,70.14847,-143.29439
756_2012-08-17_3,70.1275,-143.45747
780_2013-04-28_3,59.5474,-139.799
780_2013-05-25_3,59.5474,-139.799
780_2013-06-23_3,59.5474,-139.799
780_2013-07-22_3,59.5474,-139.799
780_2013-08-22_3,59.5474,-139.799
780_2014-05-16_3,59.5474,-139.799
780_2014-07-12_3,59.5474,-139.799
781_2013-04-28_3,59.5445,-139.7648
781_2013-05-25_3,59.5445,-139.7648
781_2013-06-23_3,59.5445,-139.7648
781_2013-07-22_3,59.5445,-139.7648
781_2013-08-22_3,59.5445,-139.7648
781_2014-05-16_3,59.5445,-139.7648
781_2014-07-12_3,59.5445,-139.7648
782_2013-04-28_3,59.5471,-139.7305
782_2013-05-29_3,59.5471,-139.7305
782_2013-06-23_3,59.5471,-139.7305
782_2013-07-22_3,59.5471,-139.7305
782_2013-08-20_3,59.5471,-139.7305
782_2014-05-18_3,59.5471,-139.7305
782_2014-07-12_3,59.5471,-139.7305
783_2013-04-28_3,59.5677,-139.7455
783_2013-05-25_3,59.5677,-139.7455
783_2013-06-23_3,59.5677,-139.7455
783_2013-07-22_3,59.567615,-139.745315
783_2013-08-22_3,59.5677,-139.7455
783_2014-05-16_3,59.5677,-139.7455
783_2014-07-12_3,59.5677,-139.7455
785_2013-04-28_3,59.5814,-139.7154
786_2013-04-29_3,59.5894,-139.6761
786_2013-05-29_3,59.5894,-139.6761
786_2013-06-24_3,59.5894,-139.6761
786_2013-07-25_3,59.5894,-139.6761
786_2013-08-20_3,59.5894,-139.6761
786_2014-05-17_3,59.5894,-139.6761
786_2014-07-13_3,59.5894,-139.6761
787_2013-04-29_3,59.5667,-139.6665
787_2013-05-28_3,59.5667,-139.6665
787_2013-06-24_3,59.5667,-139.6665
787_2013-07-25_3,59.5667,-139.6665
787_2014-05-17_3,59.5667,-139.6665
787_2014-07-13_3,59.5667,-139.6665
788_2013-04-29_3,59.5967,-139.6555
788_2013-05-28_3,59.5967,-139.6555
788_2013-07-25_3,59.5967,-139.6555
788_2013-08-22_3,59.5967,-139.6555
788_2014-05-17_3,59.5967,-139.6555
788_2014-07-13_3,59.5967,-139.6555
789_2013-04-29_3,59.6128,-139.5972
789_2013-05-29_3,59.6128,-139.5972
789_2013-06-24_3,59.6128,-139.5972
789_2013-07-24_3,59.6128,-139.5972
789_2013-08-22_3,59.6128,-139.5972
789_2014-05-17_3,59.6128,-139.5972
789_2014-07-13_3,59.6128,-139.5972
790_2013-04-29_3,59.6455,-139.5786
790_2013-05-28_3,59.6455,-139.5786
790_2013-06-25_3,59.6455,-139.5786
790_2013-07-23_3,59.6455,-139.5786
790_2013-08-20_3,59.6455,-139.5786
790_2014-05-17_3,59.6455,-139.5786
791_2013-04-30_3,59.69926666666667,-139.49166666666667
791_2013-05-26_3,59.69926666666667,-139.49166666666667
791_2013-06-22_3,59.69926666666667,-139.49166666666667
791_2013-07-23_3,59.69926666666667,-139.49166666666667
791_2013-08-20_3,59.69926666666667,-139.49166666666667
791_2014-05-18_3,59.69926666666667,-139.49166666666667
794_2013-03-29_3,59.4248,-139.5242
794_2013-06-27_3,59.4248,-139.5242
794_2013-07-26_3,59.4248,-139.5242
794_2013-08-23_3,59.4248,-139.5242
795_2013-03-29_3,59.4268,-139.5428
795_2013-06-27_3,59.4268,-139.5428
795_2013-07-26_3,59.4268,-139.5428
795_2013-08-23_3,59.4268,-139.5428
796_2013-03-29_3,59.44675,-139.5818
796_2013-06-27_3,59.44675,-139.5818
796_2013-07-26_3,59.44675,-139.5818
796_2013-08-23_3,59.44675,-139.5818
798_2013-03-29_3,59.4518,-139.6101
798_2013-06-27_3,59.4518,-139.6101
798_2013-07-26_3,59.4518,-139.6101
798_2013-08-23_3,59.4518,-139.6101
8_2001-04-26_3,58.51249997,-134.83874995
8_2001-08-02_3,58.51249997,-134.83874995
8_2002-03-24_3,58.51249997,-134.83874995
8_2002-07-25_3,58.51249997,-134.83874995
8_2003-03-22_3,58.51249997,-134.83874995
8_2003-06-30_3,58.51249997,-134.83874995
831_2013-07-16_3,71.3861,-156.45953
831_2013-08-15_3,71.3861,-156.45953
831_2014-07-18_3,71.3861,-156.45953
831_2014-07-28_3,71.3861,-156.45953
831_2015-08-02_3,71.3861,-156.45953
831_2015-08-13_3,71.3861,-156.45953
832_2013-07-14_3,71.36021500000001,-156.36533500000002
832_2013-07-21_3,71.36021500000001,-156.36533500000002
832_2013-07-31_3,71.36021500000001,-156.36533500000002
832_2013-08-11_3,71.36122,-156.36419
832_2013-08-15_3,71.36122,-156.36419
832_2014-07-18_3,71.36122,-156.36419
832_2014-07-28_3,71.36122,-156.36419
832_2014-08-03_3,71.36122,-156.36419
832_2014-08-20_3,71.36122,-156.36419
832_2015-07-14_3,71.36021500000001,-156.36533500000002
832_2015-07-30_3,71.36122,-156.36419
833_2013-07-19_3,71.37818333333334,-156.43173666666667
833_2013-07-23_3,71.37812,-156.43189999999998
833_2013-08-04_3,71.37812,-156.43189999999998
833_2013-08-11_3,71.37831,-156.43141
833_2013-08-15_3,71.37831,-156.43141
833_2013-08-21_3,71.37831,-156.43141
833_2014-07-29_3,71.37812,-156.43189999999998
833_2014-08-03_3,71.37831,-156.43141
833_2014-08-20_3,71.37831,-156.43141
833_2015-07-14_3,71.37812,-156.43189999999998
833_2015-07-19_3,71.37812,-156.43189999999998
833_2015-07-30_3,71.37831,-156.43141
833_2015-08-13_3,71.37831,-156.43141
846_2013-08-18_3,71.23332,-155.72812
846_2014-08-19_3,71.23332,-155.72812
846_2015-08-15_3,71.23332,-155.72812
855_2013-07-16_3,71.35043,-156.56969
855_2013-07-22_3,71.35043,-156.56969
855_2013-07-29_3,71.35043,-156.56969
855_2013-08-05_3,71.35043,-156.56969
855_2013-08-21_3,71.35043,-156.56969
855_2014-07-23_3,71.35043,-156.56969
855_2014-08-01_3,71.35043,-156.56969
855_2015-07-29_3,71.35043,-156.56969
855_2015-07-30_3,71.35043,-156.56969
855_2015-08-01_3,71.35043,-156.56969
855_2015-08-02_3,71.35043,-156.56969
855_2015-08-03_3,71.35043,-156.56969
855_2015-08-04_3,71.35043,-156.56969
855_2015-08-10_3,71.35043,-156.56969
855_2015-08-18_3,71.35043,-156.56969
856_2013-07-17_3,71.34006,-156.61772
856_2013-07-22_3,71.34006,-156.61772
856_2013-07-26_3,71.34006,-156.61772
856_2013-08-02_3,71.34006,-156.61772
856_2013-08-08_3,71.34006,-156.61772
856_2013-08-13_3,71.34006,-156.61772
856_2013-08-23_3,71.34006,-156.61772
856_2014-07-19_3,71.34006,-156.61772
856_2014-07-24_3,71.34006,-156.61772
856_2014-08-05_3,71.34006,-156.61772
856_2014-08-10_3,71.34006,-156.61772
856_2014-08-22_3,71.34006,-156.61772
856_2015-07-16_3,71.34006,-156.61772
856_2015-07-21_3,71.34006,-156.61772
856_2015-07-31_3,71.34006,-156.61772
856_2015-08-03_3,71.34006,-156.61772
856_2015-08-10_3,71.34006,-156.61772
856_2015-08-17_3,71.34006,-156.61772
857_2013-08-05_3,71.35921,-156.36648
857_2013-08-16_3,71.35921,-156.36648
857_2013-08-19_3,71.35921,-156.36648
857_2014-07-20_3,71.35921,-156.36648
857_2014-07-24_3,71.35921,-156.36648
857_2014-08-05_3,71.35921,-156.36648
857_2014-08-10_3,71.35921,-156.36648
857_2014-08-17_3,71.35921,-156.36648
857_2014-08-22_3,71.35921,-156.36648
857_2015-07-19_3,71.35921,-156.36648
857_2015-07-29_3,71.35921,-156.36648
857_2015-08-04_3,71.35921,-156.36648
857_2015-08-10_3,71.35921,-156.36648
857_2015-08-17_3,71.35921,-156.36648
858_2013-08-10_3,71.37793,-156.43239
858_2013-08-16_3,71.37793,-156.43239
858_2013-08-19_3,71.37793,-156.43239
858_2014-07-22_3,71.37793,-156.43239
858_2014-07-25_3,71.37793,-156.43239
858_2014-08-10_3,71.37793,-156.43239
858_2014-08-11_3,71.37793,-156.43239
858_2014-08-12_3,71.37793,-156.43239
858_2014-08-13_3,71.37793,-156.43239
858_2014-08-14_3,71.37793,-156.43239
858_2014-08-15_3,71.37793,-156.43239
858_2015-07-29_3,71.37793,-156.43239
858_2015-08-04_3,71.37793,-156.43239
858_2015-08-10_3,71.37793,-156.43239
858_2015-08-17_3,71.37793,-156.43239
859_2014-07-19_3,71.29499,-156.75991
859_2014-07-23_3,71.29499,-156.75991
859_2014-08-21_3,71.29499,-156.75991
865_2013-08-20_3,70.82201667,-158.37685
877_2013-08-27_3,70.86204848,-157.8389359
9_2004-03-23_3,58.5130555,-134.8419444
91_2001-06-07_3,57.31375,-134.47194445
91_2002-06-11_3,57.31375,-134.47194445
91_2003-06-02_3,57.31375,-134.47194445
93_1999-08-12_3,58.25611111,-134.905
93_2001-06-05_3,58.25611111,-134.905
93_2002-06-13_3,58.25611111,-134.905
93_2003-02-02_3,58.25611111,-134.905
93_2003-06-04_3,58.25611111,-134.905
93_2008-06-05_3,58.25611111,-134.905
93_2010-06-15_3,58.25611111,-134.905
934_2013-08-27_3,71.0404,-157.26839
937_2013-08-27_3,70.93846,-157.54227
939_2013-07-28_3,71.15314,-157.0671
939_2013-08-06_3,71.15314,-157.0671
939_2013-08-12_3,71.15314,-157.0671
939_2013-08-25_3,71.15314,-157.0671
939_2014-07-31_3,71.15314,-157.0671
939_2014-08-06_3,71.15314,-157.0671
939_2014-08-18_3,71.15314,-157.0671
939_2015-07-16_3,71.15314,-157.0671
939_2015-07-22_3,71.15314,-157.0671
939_2015-08-06_3,71.15314,-157.0671
939_2015-08-12_3,71.15314,-157.0671
94_2009-06-25_3,58.25694444,-134.9002778
940_2016-08-10_3,66.73025426666666,-162.44757023333332
942_2016-08-10_3,66.7300535,-162.4795443
944_2016-08-10_3,66.7296453,-162.4223186
951_2017-05-17_3,53.875833335,-166.53501525000001
951_2017-08-04_3,53.875833335,-166.53501525000001
97_1998-08-13_3,58.24713333333333,-134.91113333333334
99_1999-08-12_3,58.25263889,-134.8916667
