﻿SeineID,Site,Replicate,Date,Time,Latitude,Longitude,Tide1,Tide2,Reach_m,Depth_m,Method,Habitat,Notes
220517CP1,Coal Point,1,5/17/22,8:13,59.60116,-151.40958,Ebb,Low,25,5,beach seine,Sand/Gravel,"Sunny, calm; net snagged on dolphin piling"
220517CP2,Coal Point,2,5/17/22,8:41,59.6003,-151.40773,Ebb,Low,15,5,beach seine,Sand/Gravel,"Net moving with the tide, current ripping. Not a good seine"
220517CP3,Coal Point,3,5/17/22,9:24,59.59926,-151.4079,Slack,Low,25,5,beach seine,Sand/Gravel,Possibly herring eggs on eelgrass
220517CP4,Coal Point,4,5/17/22,10:15,59.59956,-151.40875,Slack,Low,25,5,beach seine,Sand/Gravel,
220518PB1,Plumb Bluff,1,5/18/22,10:20,59.91448,-151.76114,Ebb,Low,65,1.4,beach seine,Sand/Gravel,"Some submerged cobble with attached red algae; amphipods, cumaceans"
220518PB2,Plumb Bluff,2,5/18/22,11:05,59.91523,-151.76083,Slack,Low,75,0.5,beach seine,Kelp,"Large cobble; SAV; amphipods, cumaceans"
220518PB3,Plumb Bluff,3,5/18/22,11:52,59.91816,-151.75851,Slack,Low,65,0.5,beach seine,Kelp,"Large patch of cobble and SAV but rest of area was sand/gravel; amphipods, cumaceans"
220519AP1,Anchor Point,1,5/19/22,10:30,59.77015,-151.87325,Ebb,Low,35,1.3,beach seine,Sand/Gravel,Amphipods with eggs
220519AP2,Anchor Point,2,5/19/22,11:05,59.76855,-151.8739,Ebb,Low,45,5,beach seine,Sand/Gravel,A couple large cobble rocks; net was snagged
220519AP3,Anchor Point,3,5/19/22,11:40,59.76677,-151.87326,Slack,Low,40,1.5,beach seine,Sand/Gravel,Amphipods
220519AP4,Anchor Point,4,5/19/22,12:15,59.76561,-151.87331,Slack,Low,35,1.5,beach seine,Sand/Gravel,
220607CP1,Coal Point,1,6/7/22,8:30,59.9942,-151.41278,Slack,High,25,5,beach seine,Sand/Gravel,A few small jellies
220607CP2,Coal Point,2,6/7/22,9:00,59.60009,-151.40883,Slack,High,30,5,beach seine,Sand/Gravel,
220607CP3,Coal Point,3,6/7/22,9:40,59.59961,-151.41083,Ebb,High,30,5,beach seine,Sand/Gravel,
220615PB1,Plumb Bluff,1,6/15/22,10:45,59.91832,-151.75838,Ebb,Low,60,1,beach seine,Sand/Gravel,Some SAV
220615PB2,Plumb Bluff,2,6/15/22,11:35,59.91934,-151.75737,Flood,Low,60,1.2,beach seine,Sand/Gravel,Also mud/silt; some larger cobble and boulder; some SAV
220616MP1,Moosehead Point,1,6/16/22,9:30,59.57874,-151.31836,Ebb,Low,40,2.5,beach seine,Sand/Gravel,Mostly gravel
220616MP2,Moosehead Point,2,6/16/22,10:20,59.57923,-151.31691,Slack,Low,55,2.2,beach seine,Sand/Gravel,
220616MP3,Moosehead Point,3,6/16/22,11:15,59.57877,-151.3149,Flood,Low,30,5,beach seine,Sand/Gravel,Steeper beach
220617AP1,Anchor Point,1,6/17/22,10:15,59.76892,-151.86926,Ebb,Low,55,0.5,beach seine,Sand/Gravel,
220617AP2,Anchor Point,2,6/17/22,10:45,59.76657,-151.87283,Ebb,Low,25,1.4,beach seine,Sand/Gravel,
220617AP3,Anchor Point,3,6/17/22,11:20,59.76548,-151.67318,Ebb,Low,25,1.4,beach seine,Sand/Gravel,
220617AP4,Anchor Point,4,6/17/22,11:45,59.76384,-151.87248,Slack,Low,25,1.4,beach seine,Sand/Gravel,
220628CP1,Coal Point,1,6/28/22,8:45,59.598459,-151.412937,Ebb,Low,26,5,beach seine,Sand/Gravel,"Mostly sand; lots of floating eelgrass, some in net; DO bad calibration"
220628CP2,Coal Point,2,6/28/22,9:40,59.599063,-151.412902,Slack,Low,26,5,beach seine,Sand/Gravel,DO bad calibration
220628CP3,Coal Point,3,6/28/22,10:25,59.599225,-151.411797,Flood,Low,26,5,beach seine,Sand/Gravel,More rocky gravel
220714CP1,Coal Point,1,7/14/22,8:52,59.597,-151.9158,Slack,Low,25,5,beach seine,Sand/Gravel,Lots of small jellies
220714CP2,Coal Point,2,7/14/22,10:15,59.59779,-151.41928,Slack,Low,25,5,beach seine,Sand/Gravel,Mostly fine sand
220714CP3,Coal Point,3,7/14/22,10:33,59.59918,-151.41035,Slack,Low,25,5,beach seine,Sand/Gravel,
220715PB1,Plumb Bluff,1,7/15/22,10:20,59.91658,-151.7592,Ebb,Low,40,1.2,beach seine,Sand/Gravel,Mostly sand
220715PB2,Plumb Bluff,2,7/15/22,11:25,59.9181,-151.75845,Slack,Low,50,1.1,beach seine,Sand/Gravel,SAV
220802AP1,Anchor Point,1,8/2/22,11:38,59.76896,-151.87142,Ebb,Low,35,1,beach seine,Sand/Gravel,Wrack
220802AP2,Anchor Point,2,8/2/22,12:15,59.76867,-151.87145,Slack,Low,35,0.8,beach seine,Sand/Gravel,Wrack
220802AP3,Anchor Point,3,8/2/22,12:50,59.76794,-151.87098,Slack,Low,40,1,beach seine,Sand/Gravel,Some wrack; lots of amphipods
220815WG1,Whiskey Gulch,1,8/15/22,11:00,59.83272,-151.8236,Ebb,Low,40,1.1,beach seine,Sand/Gravel,"Mostly fine sand, some submerged cobble"
220815WG2,Whiskey Gulch,2,8/15/22,11:50,59.83102,-151.82584,Slack,Low,60,1,beach seine,Sand/Gravel,
220815WG3,Whiskey Gulch,3,8/15/22,12:45,59.82821,-151.82735,Flood,Low,45,1.1,beach seine,Sand/Gravel,Lost of full fish
220816CP1,Coal Point,1,8/16/22,11:30,59.59994,-151.42328,Ebb,Low,40,1.5,beach seine,Sand/Gravel,Mostly sand
220816CP2,Coal Point,2,8/16/22,12:10,59.60046,-151.42534,Ebb,Low,40,1.5,beach seine,Sand/Gravel,
220816CP3,Coal Point,3,8/16/22,12:45,59.59936,-151.42154,Slack,Low,45,1.1,beach seine,Sand/Gravel,All sand
220926CP1,Coal Point,1,9/26/22,8:56,59.59836,-151.41888,Ebb,Low,35,2,beach seine,Sand/Gravel,Mostly sand; turbid water from harbor dredge outflow
220926CP2,Coal Point,2,9/26/22,9:50,59.59925,-151.42222,Slack,Low,40,2,beach seine,Sand/Gravel,
220926CP3,Coal Point,3,9/26/22,10:30,59.59917,-151.41251,Flood,Low,28,5,beach seine,Sand/Gravel,Mostly gravel
220927AP1,Anchor Point,1,9/27/22,10:00,59.76878,-151.87168,Slack,Low,45,0.8,beach seine,Sand/Gravel,Mostly sand; Pandalids about 24 mm
220927AP2,Anchor Point,2,9/27/22,10:35,59.7678,-151.87138,Slack,Low,35,1,beach seine,Sand/Gravel,
220927AP3,Anchor Point,3,9/27/22,10:55,59.77052,-151.8718,Flood,Low,30,1.5,beach seine,Sand/Gravel,Some large cobble