"RegionID","Region","RegionCode","Envelope","RegionOrder"
0,"all Alaska","ALL","-15323432,7243354,-14494350,8310338",0
1,"southeastern Alaska","SEAK","-18713000,6989000,-18290000,7306000",9
2,"Aleutian Islands","AI","-16570000,8309000,-16194000,8711000",4
3,"Prince William Sound","PWS","-17740000,11183000,-17176000,11620000",8
4,"Arctic","ARCTIC","-16925278,8249442,-16590632,8752130",1
5,"southcentral Alaska","SCAK","-17702938,8049356,-17607688,8192231",7
6,"Bristol Bay","BBAY","-17851967,7960875,-17453883,8256839",3
7,"southwestern Alaska","SWAK",,2
9,"Kotzebue Sound","KOTZ",,
10,"Norton Sound","NORTON",,
11,"Kodiak","KODIAK",,6
12,"Alaska Peninsula","AKPEN",,5
