"LocaleID","MapID","SynMapID","Locale","Envelope","RegionID","SubRegion","SubRegionID"
1,34,46,"Berners Bay","1065842,1097663,1118505,1137148",1,"southeast - NI",7
2,35,48,"Bridget Cove","1084192,1089666,1115625,1118672",1,"southeast - NI",7
3,37,49,"Yankee Cove","1087715,1093061,1111637,1114613",1,"southeast - NI",7
4,38,50,"Benjamin Island","1088058,1095961,1107121,1111521",1,"southeast - NI",7
5,36,47,"St. James Bay","1067662,1088806,1102626,1114040",1,"southeast - NI",7
6,39,51,"Favorite Channel","1089857,1109042,1096475,1107155",1,"southeast - NI",7
8,40,52,"Auke Bay","-14999877,8042978,-14987437,8052227",1,"southeast - NI",7
9,41,53,"Peterson Creek","1110085,1115619,1084046,1087126",1,"southeast - NI",7
10,42,71,"Gastineau Channel","1129498,1151527,1075507,1087770",1,"southeast - NI",7
11,43,54,"Funter Bay","1097566,1105537,1073348,1078018",1,"southeast - NI",7
12,50,56,"Neka Bay","1061784,1073122,1036117,1044394",1,"southeast - NI",7
13,48,30,"Port Althorp","1016539,1034676,1036717,1047343",1,"southeast - NO",6
14,49,31,"Yakobi Island","1013891,1022057,1031727,1036511",1,"southeast - NO",6
15,52,58,"Tenakee Springs","1085468,1107209,1012060,1024243",1,"southeast - NI",7
17,53,59,"Hoonah Sound","1055475,1092539,992157,1011585",1,"southeast - NI",7
18,55,60,"Ushk Bay","1078801,1086886,988076,992813",1,"southeast - NI",7
19,56,61,"Sitkoh Bay","1118759,1131600,993765,1000697",1,"southeast - NI",7
20,57,64,"Chaik Bay","1155947,1157886,982916,984052",1,"southeast - NI",7
21,58,65,"Pybus Bay","1165054,1189428,985638,999296",1,"southeast - NI",7
22,61,66,"Brothers Islands","1183815,1198074,987924,996278",1,"southeast - NI",7
23,62,68,"Hobart Bay","1209140,1213912,1011544,1014218",1,"southeast - NI",7
24,63,84,"Farragut Bay","1226687,1244906,981486,991628",1,"southeast - SI",9
25,65,63,"Cosmos Cove","1134021,1138741,967853,970480",1,"southeast - NI",7
26,64,62,"Kelp Bay","1132615,1138724,970219,973620",1,"southeast - NI",7
27,67,34,"St. John Baptist Bay","1089842,1096222,960459,964010",1,"southeast - NO",6
28,69,36,"Nakwasina Sound","1099058,1114870,954098,963007",1,"southeast - NO",6
29,70,37,"Katlian Bay","1105252,1118094,949002,956198",1,"southeast - NO",6
30,71,38,"Middle Island","1105941,1108796,941911,943587",1,"southeast - NO",6
31,73,40,"Silver Bay","1118566,1130521,935470,941924",1,"southeast - NO",6
32,75,42,"Pirate Cove","1114234,1115591,932594,933349",1,"southeast - NO",6
33,74,41,"Sandy Cove","1117554,1119656,932743,933913",1,"southeast - NO",6
36,78,85,"Port Camden","1160812,1216828,915813,948693",1,"southeast - SI",9
37,79,86,"Kah Sheets Bay","1257975,1266597,920551,925611",1,"southeast - SI",9
38,80,89,"Zimovia Strait","1310931,1323348,902482,909561",1,"southeast - SI",9
39,81,88,"Steamer Bay","1297553,1300269,892530,894042",1,"southeast - SI",9
40,82,87,"Exchange Cove","1266936,1282891,889442,898324",1,"southeast - SI",9
41,83,73,"Shakan Bay","1240455,1259156,873346,883825",1,"southeast - SO",8
42,84,72,"Port Conclusion","1176068,1183850,865377,869709",1,"southeast - SO",8
43,85,74,"Warm Chuck Inlet","1257349,1275126,829440,839875",1,"southeast - SO",8
44,86,76,"Port San Antonio","1270750,1277999,788736,792991",1,"southeast - SO",8
45,87,75,"Klawock Inlet","1279585,1309688,809986,826946",1,"southeast - SO",8
46,88,90,"Twelve Mile Arm","1318101,1335844,813808,823387",1,"southeast - SI",9
47,94,80,"Bostwick Inlet","1382927,1394085,811633,818183",1,"southeast - SO",8
48,1,1,"Chukchi Sea","-194459,-72407,2316768,2384712",4,"Arctic",1
49,2,2,"western Beaufort Sea","-102677,-53199,2354524,2382067",4,"Arctic",1
50,29,26,"Bligh Island","386884,393836,1228582,1232452",3,"Prince William Sound",5
51,30,27,"Tatitlek","391083,397248,1228667,1232099",3,"Prince William Sound",5
52,20,22,"Culross Island","312892,315296,1208431,1209867",3,"Prince William Sound",5
53,21,21,"Culross Passage","312433,321522,1195570,1200477",3,"Prince William Sound",5
54,23,18,"Jackpot Bay","311886,321982,1161836,1167456",3,"Prince William Sound",5
55,22,20,"Ewan Bay","318642,324715,1166773,1170154",3,"Prince William Sound",5
56,24,19,"Chenega Island","320745,326797,1165338,1168707",3,"Prince William Sound",5
57,25,17,"Whale Bay, West Arm","315042,320625,1149774,1153110",3,"Prince William Sound",5
58,26,16,"Whale Bay, East Arm","315341,327730,1146078,1153480",3,"Prince William Sound",5
59,27,15,"Flemming Island","325349,332304,1144790,1148545",3,"Prince William Sound",5
60,8,4,"Unalaska Bay","-832301,-811641,506551,517703",2,"Aleutians",2
61,11,7,"Akutan Island","-774732,-757801,522807,532294",2,"Aleutians",2
62,12,8,"Akun Island","-760125,-751323,533484,538384",2,"Aleutians",2
63,68,35,"Krestof Sound","1086289,1102792,951266,960175",1,"southeast - NO",6
66,72,39,"Sitka","1113824,1119079,938367,941293",1,"southeast - NO",6
68,51,57,"Tenakee Inlet","1059899,1078603,1022157,1032570",1,"southeast - NI",7
69,19,23,"Shotgun Cove","291985,299371,1211485,1215472",3,"Prince William Sound",5
70,10,5,"Beaver Inlet","-830640,-798582,485667,503513",2,"Aleutians",2
71,66,33,"Neva Strait","1081820,1089886,962600,967120",1,"southeast - NO",6
72,7,3,"Reese Bay","-843403,-826207,520136,529419",2,"Aleutians",2
73,9,6,"Unalga Pass","-811906,-798559,506173,513602",2,"Aleutians",2
74,76,43,"Redoubt Bay","1111007,1124013,921306,928594",1,"southeast - NO",6
75,77,44,"Biorka Channel","1108890,1119974,913073,919243",1,"southeast - NO",6
76,89,91,"Cholmondeley Sound","1341898,1362387,797398,808765",1,"southeast - SI",9
77,90,78,"Moira Sound","1370733,1379387,779057,783857",1,"southeast - SO",8
78,91,77,"Nichols Bay","1377162,1395534,747630,757822",1,"southeast - SO",8
79,92,92,"Clover Passage","1369274,1386090,845565,854893",1,"southeast - SI",9
80,93,93,"Thorne Arm","1397456,1421913,831715,845282",1,"southeast - SI",9
81,95,79,"Dall Bay","1388890,1395275,804459,807968",1,"southeast - SO",8
82,96,81,"Sylburn Harbor","1394900,1404297,809680,814893",1,"southeast - SO",8
83,97,82,"Reef Harbor","1421828,1433613,795873,802411",1,"southeast - SO",8
84,98,83,"Kah Shakes Cove","1433733,1446047,809303,816134",1,"southeast - SO",8
85,45,55,"Couverden","1086315,1099912,1065020,1072147",1,"southeast - NI",7
86,14,12,"Inner Kachemak Bay","139573,156559,1064906,1077307",5,"southcentral",4
87,15,13,"Outer Kachemak Bay","133123,149909,1050376,1062631",5,"southcentral",4
88,6,9,"Nushagak Bay","-17757185,8039452,-17558143,8187434",6,"Bristol Bay",3
89,,,"Togiak",,6,"Bristol Bay",3
90,16,14,"Resurrection Bay","-16644479,8412497,-16619599,8430994",5,"southcentral",4
91,18,24,"Whittier","-16557149,8573779,-16550929,8578404",3,"Prince William Sound",5
92,17,11,"Fire Island","-16736085,8648929,-16686324,8685925",5,"southcentral",4
93,46,29,"Dundas Point","-15173717,8031371,-15161277,8040619",1,"southeast - NO",6
94,54,32,"Islas Bay","-15195143,7921239,-15170262,7939737",1,"southeast - NO",6
95,47,28,"Torch Bay","-15242561,8025667,-15217681,8044165",1,"southeast - NO",6
96,28,25,"Valdez","-16329272,8633525,-16279512,8670520",3,"Prince William Sound",5
97,13,10,"Knik Arm","-16713266,8678679,-16663506,8715674",5,"southcentral",4
98,33,45,"Haines","-15079182,8228501,-15072962,8233126",1,"southeast - NI",7
99,,,"Hawk Inlet",,1,"southeast - NI",7
100,44,70,"Taku Harbor",,1,"southeast - NI",7
101,59,69,"Seymour Canal",,1,"southeast - NI",7
102,60,67,"Gambier Bay",,1,"southeast - NI",7
103,4,,"eastern Beaufort Sea",,4,"Arctic",1
104,31,,"Yakutat Bay",,1,"southeast - NO",6
105,32,,"Situk River estuary",,1,"southeast - NO",6
106,,,"Phipps Peninsula",,1,"southeast - NO",6
107,3,,"Elson Lagoon",,4,"Arctic",1
108,5,,"Cape Blossom",,7,,0
109,0,,"Kachemak Bay",,5,"southcentral",0
110,0,,"Fritz Cove",,1,"southeast-NI",7
111,0,,"Norton Sound",,7,,
112,0,,"Kotzebue Sound",,0,,0
113,,,"Black Bay",,1,,
114,,,"Dakaneek Bay",,1,,
115,,,"False Bay",,1,,
116,,,"Game Creek",,1,,
117,,,"Gilbert Bay",,1,,
118,,,"Goulding Harbor",,1,,
119,,,"Hamilton Bay",,1,,
120,,,"Kalinin Bay",,1,,
121,,,"Katzehin River",,1,,
122,,,"Mud Bay",,1,,
123,,,"Port Beauclerc",,1,,
124,,,"Portage Bay",,1,,
125,,,"Portillo Channel",,1,,
126,,,"Pyramid Harbor",,1,,
127,,,"Shinaku inlet",,1,,
128,,,"Skagway River",,1,,
129,,,"Slocum Arm",,1,,
130,,,"Staney Creek",,1,,
131,,,"Strait Creek",,1,,
132,,,"Taiya Inlet ",,1,,
133,,,"Tebenkof Bay",,1,,
134,,,"Thomas Bay",,1,,
135,,,"Trocadero Bay",,1,,
136,,,"Tunehean Creek",,1,,
137,,,"Whitestone",,1,,
138,,,"William Henry Bay",,1,,
139,,,"Wilson Cove",,1,,
140,,,"Katmai",,11,,
141,,,"Adak",,2,,
142,,,"Atka",,2,,
144,,,"Great Sitkin",,2,,
145,,,"Samalga",,2,,
146,,,"Seguam",,2,,
147,,,"Semidi Islands",,12,,
148,,,"Shumagin Islands",,12,,
150,,,"Unimak Pass",,2,,
