"SpCodeID","SpCode","Taxa","Sp_CommonName","Sp_ScientificName","Fam_CommonName","Photo","ForageFish","FMP","SpCode_old"
345,"ALIGTR","Fish","Alligatorfish","Aspidophoroides monopterygius","poachers",,FALSE,FALSE,"ALIGTRF"
347,"ALIGTRAL","Fish","Aleutian alligatorfish","Aspidophoroides bartoni","poachers",,FALSE,FALSE,"ALIGTRAL"
344,"ALIGTRAR","Fish","Arctic alligatorfish","Aspidophoroides olrikii","poachers",,FALSE,FALSE,"ALIGTRAR"
554,"ALIGTRSM","Fish","Smooth aligatorfish","Anoplagonus inermis","poachers",,FALSE,FALSE,
279,"AMPHANT","Invertebrates","""Long-antennae"" amphipod",,,,FALSE,FALSE,"AMPHANT"
317,"AMPHCOLR","Invertebrates","""red-eye"", ""orange"", ""pink"" COLORED amphipod","Lysianassidae",,,FALSE,FALSE,"AMPHCOL"
276,"AMPHFLY","Invertebrates","""Fly-eye"" amphipod",,,,FALSE,FALSE,"AMPHFLY"
378,"AMPHGAM","Invertebrates","gammarid amphipod","Gammaridae",,,FALSE,FALSE,"AMPHGAM"
319,"AMPHHRNA","Invertebrates","small ""horned"" amphipod","Acanthostephia behringensis",,,FALSE,FALSE,"AMPHHRNA"
316,"AMPHHRNP","Invertebrates","big ""horned"" amphipod","Parampithoe sp.",,,FALSE,FALSE,"AMPHHRNP"
258,"AMPHMOSQ","Invertebrates","Mosquito amphipod",,,,FALSE,FALSE,"AMPHMOSQ"
259,"AMPHNANC","Invertebrates","""Nancy"" amphipod",,,,FALSE,FALSE,"AMPHNANC"
260,"AMPHNONX","Invertebrates","""NonX"" amphipod",,,,FALSE,FALSE,"AMPHNONX"
320,"AMPHRN","Invertebrates","unideAMntified ""horned"" amphipod; either AMPHHRNA or AMPHHRNP","Gammaridea",,,FALSE,FALSE,"AMPHHRN"
318,"AMPHSMO","Invertebrates","big ""smooth"" amphipod","Melita sp.",,,FALSE,FALSE,"AMPHSMO"
267,"AMPHSNAI","Invertebrates","""Snailfish"" amphipod",,,,FALSE,FALSE,"AMPHSNAI"
268,"AMPHSPDR","Invertebrates","""Spider"" amphipod",,,,FALSE,FALSE,"AMPHSPDR"
269,"AMPHSPNY","Invertebrates","""Spinyback"" amphipod",,,,FALSE,FALSE,"AMPHSPNY"
388,"AMPHTHEM","Invertebrates","Themisto amphipod","Themisto species",,,FALSE,FALSE,"AMPHTHEM"
458,"ANENGNT","Invertebrates","Giant plumose anenome","Metridium farcimen",,,FALSE,FALSE,
8,"ANENGRN","Invertebrates","burrowing green anenome","Anthopleura artemesia",,,FALSE,FALSE,"ANENGRN"
395,"ANENMET","Invertebrates","Metridium anenome","Metridium sp.",,,FALSE,FALSE,
519,"ANENPLU","Invertebrates","Plumose anemone","Medtridium sp.",,,FALSE,FALSE,
18,"BARNACLE","Invertebrates","barnacle","Balanus glandula, Semibalanus balanoides",,,FALSE,FALSE,"BARNACLE"
486,"BARNACRN","Invertebrates","Acorn barnacle","Balanidae",,,FALSE,FALSE,
457,"BARNGA","Invertebrates","Giant acorn barnacle","Balanus nubilus",,,FALSE,FALSE,
433,"BARNROS","Invertebrates","Rostrate barnacle","Balanus rostratus",,,FALSE,FALSE,
25,"BOCACCIO","Fish","Bocaccio","Sebastes paucispinis","rockfishes",,FALSE,TRUE,"BOCA"
444,"BRSTRDSY","Invertebrates","Daisy brittlestar","Ophiopholis kennerleyi",,,FALSE,FALSE,
410,"BRSTRGRY","Invertebrates","Grey brittlestar","Ophiura lutkenii",,,FALSE,FALSE,
191,"BRSTRUN","Invertebrates","unidentified brittlestar",,,,FALSE,FALSE,"STARBR"
399,"BRYODISC","Invertebrates","Disc bryozoan","Alcyonidium disciforme",,,FALSE,FALSE,
29,"BSNAILSA","Invertebrates","Spotted aglajid bubble snail",,,,FALSE,FALSE,"BSNAILSA"
30,"BSNAILW","Invertebrates","White bubble snail","Haminoea vesicula",,,FALSE,FALSE,"BSNAILW"
33,"CABEZON","Fish","Cabezon","Scorpaenichthys marmoratus","sculpins","Cabezon ../FishPhotos/Cabezon",FALSE,FALSE,"CABEZON"
35,"CAPELIN","Fish","Capelin","Mallotus villosus","smelts","Capelin ../FishPhotos/Capelin",TRUE,TRUE,"CAPELIN"
499,"CHITONGP","Invertebrates","Giant Pacific chiton","Cryptochiton stelleri",,,FALSE,FALSE,
450,"CHITONLI","Invertebrates","Lined chiton","Tonicella lineata",,,FALSE,FALSE,
10,"CISCARC","Fish","Arctic cisco","Coregonus autumnalis","trouts and salmons","Arctic cisco ../FishPhotos/ArcticCisco",FALSE,FALSE,"ARCCISC"
310,"CISCBER","Fish","Bering cisco","Coregonus laurettae","trouts and salmons",,FALSE,FALSE,"BERCISC"
105,"CISCLST","Fish","Least cisco","Coregonus sardinella","trouts and salmons","Least cisco ../FishPhotos/LeastCisco",FALSE,FALSE,"LSTCISC"
397,"CLAMAST","Invertebrates","Astarte clam","Astarte sp.",,,FALSE,FALSE,
39,"CLAMBNM","Invertebrates","bent-nosed macoma","Macoma nasuta",,,FALSE,FALSE,"CLAMBNM"
40,"CLAMBUT","Invertebrates","butter clam","Saxidomus gigantea",,,FALSE,FALSE,"CLAMBUT"
502,"CLAMHIA","Invertebrates","Hiatella clam","Hiatella sp.",,,FALSE,FALSE,
312,"CLAMHRY","Invertebrates","""hairy clam""","Portlandica arctica",,,FALSE,FALSE,"CLAMHRY"
455,"CLAMJNGL","Invertebrates","Green falsejingle","Pododesmus machrochisma",,,FALSE,FALSE,
41,"CLAMLN","Invertebrates","littleneck clam","Prototheca stamina",,,FALSE,FALSE,"CLAMLN"
507,"CLAMMAC","Invertebrates","Macoma clam","Macoma sp.",,,FALSE,FALSE,
42,"CLAMRZR","Invertebrates","Razor clam",,,,FALSE,FALSE,"CLAMRZR"
314,"CLAMSMO","Invertebrates","""smooth"" clam","Astarte sp.",,,FALSE,FALSE,"CLAMSMO"
535,"CLAMSS","Invertebrates","Softshell clam","Mya sp.",,,FALSE,FALSE,
398,"CLAMUGLY","Invertebrates","Ugly clam","Entodesma sp.",,,FALSE,FALSE,
96,"CLINGFKE","Fish","Kelp clingfish","Rimicola muscarum","clingfishes",,FALSE,FALSE,"KELPFSH"
392,"CLINGN","Fish","Northern clingfish","Gobiesox maeandricus","clingfishes",,FALSE,FALSE,"CLINGN"
438,"COCK100","Invertebrates","Hundred-line cockle","Nemocardium centifilosum",,,FALSE,FALSE,
452,"COCKGRN","Invertebrates","Greenland cockle","Serripes groenlandicus",,,FALSE,FALSE,
43,"COCKHRT","Invertebrates","heart cockle","Clinocardium nuttalii",,,FALSE,FALSE,"COCKHRT"
454,"COCKICE","Invertebrates","Iceland cockle","Clinocardium ciliatum",,,FALSE,FALSE,
83,"COCKSHI","Fish","High cockscomb","Anoplarchus purpurescens","pricklebacks","High cockscomb ../FishPhotos/HighCockscomb",TRUE,TRUE,"HCOCKS"
298,"COCKSSL","Fish","Slender cockscomb","Anoplarchus insignis","pricklebacks",,FALSE,FALSE,"SLCOCKS"
11,"CODARC","Fish","Arctic cod","Boreogadus saida","cods","Arctic cod ../FishPhotos/ArcticCod",FALSE,FALSE,"ARCCOD"
122,"CODPAC","Fish","Pacific cod","Gadus macrocephalus","cods","Pacific cod ../FishPhotos/PacificCod",FALSE,TRUE,"PCOD"
142,"CODSAF","Fish","Saffron cod","Eleginus gracilis","cods",,FALSE,FALSE,"SAFCOD"
204,"CODTOM","Fish","Pacific tomcod","Microgadus proximus","cods",,FALSE,TRUE,"TOMCOD"
45,"COPPOD","Invertebrates","copepod",,,,FALSE,FALSE,"COPPOD"
377,"COPPODC","Invertebrates","calanoid copepod","Calanus species",,,FALSE,FALSE,"COPPODC"
386,"COPPODCM","Invertebrates","Calanus marshallae","Calanus marshallae",,,FALSE,FALSE,"COPPODCM"
491,"CRABCANC","Invertebrates","Cancer crab","Cancer sp.",,,FALSE,FALSE,
482,"CRABCHIO","Invertebrates","unidentified Chionoecetes crab","Chionoecetes sp.",,,FALSE,FALSE,
48,"CRABCKE","Invertebrates","Cryptic kelp crab","Pugettia richii",,,FALSE,FALSE,"CRABCKE"
49,"CRABCRYK","Invertebrates","Cryptic kelp crab",,,,FALSE,FALSE,"CRABCRYK"
50,"CRABDEC","Invertebrates","Decorator crab",,,,FALSE,FALSE,"CRABDEC"
51,"CRABDUN","Invertebrates","Dungeness crab","Cancer magister",,,FALSE,FALSE,"CRABDUN"
498,"CRABFR","Invertebrates","Furrowed rock crab","Cancer branneri",,,FALSE,FALSE,
52,"CRABGD","Invertebrates","Graceful decorator crab","Oregonia gracilis",,,FALSE,FALSE,"CRABGD"
54,"CRABGKE","Invertebrates","Graceful kelp crab","Pugettia gracilis",,,FALSE,FALSE,"CRABGKE"
55,"CRABGRA","Invertebrates","Graceful crab",,,,FALSE,FALSE,"CRABGRA"
477,"CRABHAIR","Invertebrates","Hair crab","Erimacrus isenbeckii",,,FALSE,FALSE,
56,"CRABHEL","Invertebrates","Helmet crab","Telmessus cheiragonus, Cheiragonidae",,,FALSE,FALSE,"CRABHEL"
407,"CRABHRY","Invertebrates","Hairy crab","Hapalogaster grebnitzkii, Lithodidae",,,FALSE,FALSE,
429,"CRABHYAS","Invertebrates","unidentified Hyas crab","Hyas species",,,FALSE,FALSE,
58,"CRABKE","Invertebrates","Kelp crab",,,,FALSE,FALSE,"CRABKE"
59,"CRABLYR","Invertebrates","Pacific lyre crab","Hyas lyratus, Majidae",,,FALSE,FALSE,"CRABLYR"
60,"CRABNKE","Invertebrates","Northern kelp crab","Pugettia producta, Majidae",,,FALSE,FALSE,"CRABNKE"
513,"CRABORGN","Invertebrates","Oregon rock crab","Cancer oregonensis",,,FALSE,FALSE,
517,"CRABPEA","Invertebrates","Pea crab","Pinnixa sp.",,,FALSE,FALSE,
333,"CRABPSH","Invertebrates","Purple shore crab",,,,FALSE,FALSE,"CRABPSH"
408,"CRABPYGR","Invertebrates","Pygmy rock crab","Glebocarcinus oregonensis, Cancridae",,,FALSE,FALSE,
520,"CRABRK","Invertebrates","Red king crab","Paralithodes camtschaticus",,,FALSE,FALSE,
61,"CRABRR","Invertebrates","Red rock crab","Cancer productus, Cancridae",,,FALSE,FALSE,"CRABRR"
531,"CRABSHR","Invertebrates","Shore crab","Hemigrapsus sp.",,,FALSE,FALSE,
417,"CRABTNR","Invertebrates","Tanner crab","Chionoecetes bairdi, Majidae",,,FALSE,FALSE,
544,"CRABYSHR","Invertebrates","Yellow shore crab","Hemigrapsus oregonensis",,,FALSE,FALSE,
64,"CUCCAL","Invertebrates","California sea cucumber","Parastichopus californicus",,,FALSE,FALSE,"CUCCAL"
437,"CUCDENDR","Invertebrates","unidentified Dendrochiotida sea cucumber","Order Dendrochiotida; possibly Eupentacta",,,FALSE,FALSE,
65,"CUCFW","Invertebrates","False white cucumber","Eupentacta psuedoquinquesemita",,,FALSE,FALSE,"CUCFW"
66,"CUCORNG","Invertebrates","orange sea cucumber","Cucumaria miniata",,,FALSE,FALSE,"CUCORNG"
543,"CUCWHI","Invertebrates","White sea cucumber","Eupentacta quinquesemita",,,FALSE,FALSE,
103,"DABLH","Fish","Longhead dab","Limanda proboscidea","righteye flounders",,FALSE,TRUE,"LONGDAB"
68,"DOLLY","Fish","Dolly Varden","Salvelinus malma","trouts and salmons","Dolly Varden ../FishPhotos/DollyVarden",FALSE,FALSE,"DOLLY"
69,"DORIDCL","Invertebrates","Clown dorid","Catalina triopha",,,FALSE,FALSE,"DORIDCL"
563,"DSMELTNS","Fish","Northern smoothtongue","Leuroglossus schmidti","deepsea smelts",,FALSE,FALSE,
173,"EBLNYSLE","Fish","Slender eelblenny","Lumpenus fabricii","pricklebacks",,FALSE,FALSE,"SLEBLNY"
323,"EBLNYSTO","Fish","Stout eelblenny","Anisarchus medius","pricklebacks",,FALSE,FALSE,"STOBLNY"
71,"EGGCSMS","Invertebrates","unidentified moon snail egg case",,,,FALSE,FALSE,"EGCSMS"
545,"EGGLACU","Invertebrates","Lacuna eggs",,,,FALSE,FALSE,
546,"EGGSNAIL","Invertebrates","unidentified snail eggs",,,,FALSE,FALSE,
363,"EPOUTCAN","Fish","Canadian eelpout","Lycodes polaris","eelpouts",,FALSE,FALSE,"EPOUTCAN"
469,"EPOUTEST","Fish","Estuarine eelpout","Lycodes turneri","eelpouts",,FALSE,FALSE,
560,"EPOUTLON","Fish","Longear eelpout","Lycodes seminudus","eelpouts",,FALSE,FALSE,
257,"EPOUTMAR","Fish","Marbled eelpout","Lycodes raridens","eelpouts",,FALSE,FALSE,"MARBPOUT"
364,"EPOUTPOL","Fish","Polar eelpout","Lycodes turneri","eelpouts",,FALSE,FALSE,"EPOUTPOL"
361,"EPOUTSAD","Fish","Saddled eelpout","Lycodes mucosus","eelpouts",,FALSE,FALSE,"EPOUTSAD"
362,"EPOUTWAT","Fish","Wattled eelpout","Lycodes palearis","eelpouts",,FALSE,FALSE,"EPOUTWAT"
73,"EULACHON","Fish","Eulachon","Thaleichthys pacificus","smelts","Eulachon ../FishPhotos/Eulachon",TRUE,TRUE,"EULAC"
74,"EUPHAUS","Invertebrates","unidentified euphausiids",,,,FALSE,FALSE,"EUPHAUS"
353,"FISHDCTR","Fish","Fish doctor","Gymnelus viridis","eelpouts",,FALSE,FALSE,"FISHDCTR"
76,"FISHEGG",,"unidentified fish eggs",,,,FALSE,FALSE,"FISHEGG"
277,"FLOUNARC","Fish","Arctic flounder","Pleuronectes glacialis","righteye flounders",,FALSE,FALSE,"ARCFLOUN"
13,"FLOUNARW","Fish","Arrowtooth flounder","Atheresthes stomias","righteye flounders","Arrowtooth flounder ../FishPhotos/ArrowtoothFlounder",FALSE,TRUE,"ARFLOUN"
556,"FLOUNATH","Fish","unidentified Atheresthes sp. (Arrowtooth or Kamchatka flounder)","Atheresthes sp.","righteye flounders",,FALSE,FALSE,
355,"FLOUNBER","Fish","Bering flounder","Hippoglossoides robustus","righteye flounders",,FALSE,FALSE,"FLOUNBER"
197,"FLOUNST","Fish","Starry flounder","Platichthys stellatus","righteye flounders","Starry flounder ../FishPhotos/StarryFlounder",FALSE,TRUE,"STFLOUN"
19,"GOBYBAY","Fish","Bay goby","Lepidogobius lepidus","gobies",,FALSE,FALSE,"BAYGOBY"
21,"GOBYBE","Fish","Blackeye goby","Rhinogobiops nicholsii","gobies","Blackeye goby ../FishPhotos/BlackeyeGoby",FALSE,FALSE,"BEGOBY"
470,"GRAYARC","Fish","Arctic grayling","Thymallus arcticus","trouts and salmons",,FALSE,FALSE,
95,"GREENKEL","Fish","Kelp greenling","Hexagrammos decagrammus","greenlings","Kelp greenling ../FishPhotos/KelpGreenling",FALSE,FALSE,"KEGREEN"
106,"GREENMAS","Fish","Masked greenling","Hexagrammos octogrammus","greenlings","Masked greenling ../FishPhotos/MaskedGreenling",FALSE,FALSE,"MAGREEN"
121,"GREENPAI","Fish","Painted greenling","Oxylebius pictus","greenlings","Painted greenling ../FishPhotos/PaintedGreenling",FALSE,FALSE,"PAGREEN"
138,"GREENROC","Fish","Rock greenling","Hexagrammos lagocephalus","greenlings","Rock greenling ../FishPhotos/RockGreenling",FALSE,FALSE,"ROGREEN"
247,"GREENWHI","Fish","Whitespotted greenling","Hexagrammos stelleri","greenlings","Whitespotted greenling ../FishPhotos/WhitespottedGreenling",FALSE,FALSE,"WGREEN"
368,"GUNNBAN","Fish","Banded gunnel","Pholis fasciata","gunnels",,FALSE,FALSE,"GUNNBAN"
62,"GUNNCRE","Fish","Crescent gunnel","Pholis laeta","gunnels","Crescent gunnel ../FishPhotos/CrescentGunnel",FALSE,TRUE,"CREGUNN"
123,"GUNNPEN","Fish","Penpoint gunnel","Apodichthys flavidus","gunnels","Penpoint gunnel ../FishPhotos/PenpointGunnel",FALSE,TRUE,"PENGUNN"
81,"HALIBUT","Fish","Pacific halibut","Hippoglossus stenolepis","righteye flounders","Pacific halibut ../FishPhotos/Halibut",FALSE,FALSE,"HALIBUT"
346,"HAMECON","Fish","Hamecon","Artediellus scaber","sculpins",,FALSE,FALSE,"HAMECON"
57,"HCRAB","Invertebrates","Hermit crab","Pagurus spp.",,,FALSE,FALSE,"CRABHER"
424,"HCRABAK","Invertebrates","Alaskan hermit crab","Pagurus ochotensis",,,FALSE,FALSE,
447,"HCRABBER","Invertebrates","Bering hermit crab","Pagurus beringensis",,,FALSE,FALSE,
413,"HCRABBS","Invertebrates","Bluespine hermit crab","Pagurus kennerlyi",,,FALSE,FALSE,
302,"HCRABGH","Invertebrates","Grainyhand hermit crab","Pagarus granosimanus",,,FALSE,FALSE,"CRABGH"
304,"HCRABPR","Invertebrates","Pacific red hermit crab","Elassochirus gilli",,,FALSE,FALSE,"CRABPRH"
409,"HCRABSP","Invertebrates","Sponge hermit crab","Pagurus brandtii, Paguridae",,,FALSE,FALSE,
425,"HCRABSPL","Invertebrates","Splendid hermit crab","Labidochirus splendescens",,,FALSE,FALSE,
426,"HCRABSTV","Invertebrates","Steven's hermit crab","Pagurus stevensae",,,FALSE,FALSE,
427,"HCRABTBW","Invertebrates","Tubeworm hermit crab","Discosopagurus schmitti",,,FALSE,FALSE,
432,"HCRABTRI","Invertebrates","Pagurus trigonochirus","Pagurus trigonochirus",,,FALSE,FALSE,
307,"HCRABWH","Invertebrates","Widehand hermit crab","Elassochirus tenuimanus",,,FALSE,FALSE,"CRABWIDE"
84,"HERRING","Fish","Pacific herring","Clupea pallasii","herrings","Pacific herring ../FishPhotos/PacificHerring",TRUE,FALSE,"HERRING"
503,"HYDRCRL","Invertebrates","unidentified hydrocoral","Stylasterina",,,FALSE,FALSE,
86,"HYDROID","Invertebrates","hydroid",,,,FALSE,FALSE,"HYDROID"
471,"INCONNU","Fish","Inconnu","Stenodus leuchichthys","trouts and salmons",,FALSE,FALSE,
504,"INVRTEGG","Invertebrates","unidentified invertebrate eggs",,,,FALSE,FALSE,
87,"ISOPODC","Invertebrates","Concave isopod","Idotea resecata",,,FALSE,FALSE,"ISOPODC"
88,"ISOPODG","Invertebrates","Green isopod","Idotea w.",,,FALSE,FALSE,"ISOPODG"
89,"ISOPODSA","Invertebrates","Isopod","Saduria sp.",,,FALSE,FALSE,"ISOPODSA"
315,"ISOPODSE","Invertebrates","""giant"" isopod","Saduria entomon",,,FALSE,FALSE,"ISOPODSE"
288,"ISOPODU","Invertebrates","unidentified isopod",,,,FALSE,FALSE,"ISOPODU"
487,"JLYAGGR","Invertebrates","Aggregating jellyfish","Eutonina indicans",,,FALSE,FALSE,
90,"JLYCLNG","Invertebrates","Clinging jellyfish",,,,FALSE,FALSE,"JLYCLNG"
91,"JLYCOMB","Invertebrates","unidentified ctenaphore",,,,FALSE,FALSE,"JLYCOMB"
286,"JLYCROS","Invertebrates","""Cross jelly""",,,,FALSE,FALSE,"JLYCRS"
436,"JLYCRSTL","Invertebrates","Crystal jelly","Aequorea victoriae",,,FALSE,FALSE,
287,"JLYGLB","Invertebrates","""Globe jelly""",,,,FALSE,FALSE,"JLYGLB"
390,"JLYHAT","Invertebrates","""hat"" jellyfish","Eutonina species",,,FALSE,FALSE,"JLYHAT"
92,"JLYICE","Invertebrates","Ice cube jellyfish",,,,FALSE,FALSE,"JLYICE"
93,"JLYLION","Invertebrates","Lion's mane jellyfish","Cyanea capillata",,,FALSE,FALSE,"JLYLION"
94,"JLYMOON","Invertebrates","Moon jellyfish","Aurelia labiata",,,FALSE,FALSE,"JLYMOON"
387,"JLYNETTL","Invertebrates","northern sea nettle","Chrysaora melanaster",,,FALSE,FALSE,"JLYNETTL"
384,"JLYPARTS","Other","jellyfish pieces",,,,FALSE,FALSE,"JLYPARTS"
295,"JLYSPOT","Invertebrates","""Spot jelly""",,,,FALSE,FALSE,"JLYSPOT"
394,"JLYSTALK","Invertebrates","Stalked jellyfish","Stauromedusae",,,FALSE,FALSE,
289,"JLYSTR","Invertebrates","""Star jelly""",,,,FALSE,FALSE,"JLYSTR"
327,"JLYUN","Invertebrates","unidentified jellyfish",,,,FALSE,FALSE,"JLYUN"
294,"JLYWTR","Invertebrates","""Water jelly""",,,,FALSE,FALSE,"JLYWTR"
391,"JLYX","Invertebrates","""x"" jellyfish, ""cross"", ""southern cross""","Staurophora mertensii",,,FALSE,FALSE,"JLYX"
383,"KELP","Other","kelp pieces",,,,FALSE,FALSE,"KELP"
549,"LAMPNOR","Fish","Northern lampfish","Stenobrachius leucopsarus","lanternfishes",,FALSE,FALSE,
99,"LAMPRYAR","Fish","Arctic lamprey","Lampetra camtschatica","lampreys",,FALSE,FALSE,"ARCLAMP"
350,"LAMPRYPA","Fish","Pacific lamprey","Entosphenus tridentatus","lampreys",,FALSE,FALSE,"LAMPRYP"
367,"LAMPRYSE","Fish","Sea lamprey","Petromyzon marinus","lampreys",,FALSE,FALSE,"LAMPRYS"
515,"LGWRMP","Invertebrates","Pacific lugworm","Abarenicola pacifica ",,,FALSE,FALSE,
100,"LIMPETMA","Invertebrates","mask limpet","Tectura persona",,,FALSE,FALSE,"LIMPETMA"
101,"LIMPETPE","Invertebrates","Pacific eelgrass limpet","Lottia alveus",,,FALSE,FALSE,"LIMPETPE"
449,"LIMPETSH","Invertebrates","Shield limpet","Lottia pelta",,,FALSE,FALSE,
102,"LINGCOD","Fish","Lingcod","Ophiodon elongatus","greenlings","Lingcod ../FishPhotos/Lingcod",FALSE,FALSE,"LINGCOD"
22,"LORDBI","Fish","Brown Irish lord","Hemilepidotus spinosus","sculpins",,FALSE,FALSE,"BILORD"
136,"LORDRI","Fish","Red Irish lord","Hemilepidotus hemilepidotus","sculpins","Red Irish lord ../FishPhotos/RedIrishLord",FALSE,TRUE,"RILORD"
418,"LORDYI","Fish","Yellow Irish lord","Hemilepidotus jordani","sculpins",,FALSE,FALSE,"YILORD"
351,"LUMPLEAT","Fish","Leatherfin lumpsucker","Eumicrotremus derjugini","lumpsuckers",,FALSE,FALSE,"LUMPLEAT"
175,"LUMPSMO","Fish","Smooth lumpsucker","Aptocyclus ventricosus","lumpsuckers","Smooth lumpsucker ../FishPhotos/SmoothLumpsucker",FALSE,FALSE,"SMOLUMP"
188,"LUMPSPI","Fish","Pacific spiny lumpsucker","Eumicrotremus orbis","lumpsuckers",,FALSE,FALSE,"SPILUMP"
483,"MACKATK","Fish","Atka mackerel","Pleurogrammus monoptergius","greenlings",,FALSE,FALSE,
108,"MUSSELBL","Invertebrates","Blue mussel","Mytilus trossulus",,,FALSE,FALSE,"MUSSELB"
109,"MYSID","Invertebrates","Mysid",,,,FALSE,FALSE,"MYSID"
281,"MYSIDFLY","Invertebrates","""Fly-eye"" mysid",,,,FALSE,FALSE,"MYSIDFLY"
321,"MYSIDNEO","Invertebrates","""krill""","Neomysis sp.",,,FALSE,FALSE,"MYSIDNEO"
110,"MYSIDOP","Invertebrates","opossum mysid","Neomysis mercedes",,,FALSE,FALSE,"MYSIDOP"
111,"NEMATODE","Invertebrates","nematode",,,,FALSE,FALSE,"NEMATODE"
112,"none","none","no species caught",,,,FALSE,FALSE,"none"
115,"NUCELLAL","Invertebrates","file dogwindle","Nucella lima",,,FALSE,FALSE,"NUCELLAL"
516,"NUDCLMN","Invertebrates","Pacific sea lemon","Anisodoris nobilis",,,FALSE,FALSE,
218,"NUDDORID","Invertebrates","unidentified dorid nudibranch","Superfamily Doridoidea",,,FALSE,FALSE,"UNDORID"
401,"NUDEOLID","Invertebrates","Eolid nudibranch","Clade Cladobranchia",,,FALSE,FALSE,
116,"NUDHOOD","Invertebrates","Hooded nudibranch","Melibe leonina",,,FALSE,FALSE,"NUDHOOD"
117,"NUDOPAL","Invertebrates","Opalescent nudibranch","Hermissenda crassicornis",,,FALSE,FALSE,"NUDOPAL"
118,"NUDRM","Invertebrates","Rough mantled nudibranch","Onchidoris bilamellata",,,FALSE,FALSE,"NUDRM"
119,"OCTOPUS","Invertebrates","Octopus",,,"Octopus ../FishPhotos/Octopus",FALSE,TRUE,"OCTOPUS"
479,"OCTPSGP","Invertebrates","Giant Pacific octopus","Octopus dofleini",,,FALSE,FALSE,
514,"OSTRACD","Invertebrates","Ostracod","Crustacea",,,FALSE,FALSE,
97,"PERCHKE","Fish","Kelp perch","Brachyistius frenatus","surfperches","Kelp perch ../FishPhotos/KelpPerch",FALSE,FALSE,"KEPERCH"
149,"PERCHSH","Fish","Shiner perch","Cymatogaster aggregata","surfperches","Shiner perch ../FishPhotos/ShinerPerch",FALSE,FALSE,"SHPERCH"
342,"PILLBUG","Invertebrates","unidentified pillbug",,,,FALSE,FALSE,"PILLBUG"
20,"PIPEFISH","Fish","Bay pipefish","Syngnathus leptorhynchus","pipefishes","Bay pipefish ../FishPhotos/BayPipefish",FALSE,FALSE,"BAYPIPE"
4,"PLAICEAK","Fish","Alaska plaice","Pleuronectes quadrituberculatus","righteye flounders","Alaska plaice ../FishPhotos/AlaskaPlaice",FALSE,TRUE,"AKPLAIC"
356,"POA4HRN","Fish","Fourhorn poacher","Hypsagonus quadricornis","poachers",,FALSE,FALSE,"POA4HRN"
17,"POAATL","Fish","Atlantic poacher","Leptagonus decagonus","poachers",,FALSE,FALSE,"ATLAPOA"
283,"POABER","Fish","Bering poacher","Occella dodecaedron","poachers",,FALSE,FALSE,"BERPOA"
339,"POAPRICK","Fish","Pricklebreast poacher","Stellerina xyosterna","poachers",,FALSE,FALSE,"PRICKPOA"
131,"POAPYGMY","Fish","Pygmy poacher","Odontopyxis trispinosa","poachers",,FALSE,FALSE,"PYGPOA"
552,"POASAW","Fish","Sawback poacher","Leptagonus frenatus","poachers",,FALSE,FALSE,
187,"POASPEAR","Fish","Northern spearnose poacher","Agonopsis vulsa","poachers","N. spearnose poacher ../FishPhotos/N.SpearnosePoacher",FALSE,FALSE,"SPERPOA"
198,"POASTUR","Fish","Sturgeon poacher","Podothecus accipenserinus","poachers","Sturgeon poacher ../FishPhotos/SturgeonPoacher",FALSE,FALSE,"STURPOA"
205,"POATUBE","Fish","Tubenose poacher","Pallasina barbata","poachers",,FALSE,FALSE,"TUBEPOA"
246,"POAVET","Fish","Veteran poacher","Podothecus veternus","poachers",,FALSE,FALSE,"VETPOA"
331,"POAWART","Fish","Warty poacher","Chesnonia verrucosa","poachers",,FALSE,FALSE,"WARTPOA"
126,"POLLOCK","Fish","Walleye pollock","Gadus chalcogrammus","cods","Walleye pollock ../FishPhotos/WalleyePollock",FALSE,TRUE,"POLLOCK"
127,"POLYCHT","Invertebrates","polychaete",,,,FALSE,FALSE,"POLYCHT"
352,"POUTHALF","Fish","Halfbarred pout","Gymnelus hemifasciatus","eelpouts",,FALSE,FALSE,"POUTHALF"
24,"PRICKBLK","Fish","Black prickleback","Xiphister atropurpureus","pricklebacks",,FALSE,FALSE,"BLPRICK"
284,"PRICKBLL","Fish","Blackline prickleback","Acantholumpenus mackayi","pricklebacks",,FALSE,FALSE,"BLLPRICK"
564,"PRICKLON","Fish","Longsnout prickleback","Lumpenella longirostris","pricklebacks",,FALSE,FALSE,
184,"PRICKSN","Fish","Snake prickleback","Lumpenus sagitta","pricklebacks","Snake prickleback ../FishPhotos/SnakePrickleback",FALSE,TRUE,"SNPRICK"
296,"PROWFISH","Fish","Prowfish","Zaprora silenus","prowfishes",,FALSE,FALSE,"PROWFISH"
262,"PTRPODNA","Invertebrates","""Naked"" pteropod (i.e.,  large blob)",,,,FALSE,FALSE,"PTRPODCL"
263,"PTRPODSH","Invertebrates","""Shelled"" pteropod (i.e., winged snails)",,,,FALSE,FALSE,"PTRPODBL"
23,"ROCKBLA","Fish","Black rockfish","Sebastes melanops","rockfishes","Black rockfish ../FishPhotos/BlackRockfish",FALSE,FALSE,"BLAROCK"
26,"ROCKBRO","Fish","Brown rockfish","Sebastes auriculatus","rockfishes",,FALSE,FALSE,"BROROCK"
34,"ROCKCAN","Fish","Canary rockfish","Sebastes pinniger","rockfishes","Canary rockfish ../FishPhotos/CanaryRockfish",FALSE,TRUE,"CANROCK"
37,"ROCKCHI","Fish","China rockfish","Sebastes nebulosus","rockfishes","China rockfish ../FishPhotos/ChinaRockfish",FALSE,TRUE,"CHIROCK"
46,"ROCKCOP","Fish","Copper rockfish","Sebastes caurinus","rockfishes","Copper rockfish ../FishPhotos/CopperRockfish",FALSE,TRUE,"COPROCK"
70,"ROCKDRK","Fish","Dark ""dusky"" rockfish","Sebastes ciliatus","rockfishes","Dusky rockfish ../FishPhotos/DuskyRockfish",FALSE,TRUE,"DRKROCK"
472,"ROCKDUS","Fish","Dusky rockfish","Sebastes variabilis","rockfishes",,FALSE,FALSE,
478,"ROCKGS","Fish","Greenstripe rockfish","Sebastes elongatus","rockfishes",,FALSE,FALSE,
82,"ROCKHAR","Fish","Harlequin rockfish","Sebastes variegatus","rockfishes","Harlequin rockfish ../FishPhotos/HarlequinRockfish",FALSE,FALSE,"HARROCK"
550,"ROCKNOR","Fish","Northern rockfish","Sebastes polyspinis","rockfishes",,FALSE,FALSE,
338,"ROCKPUG","Fish","Puget Sound rockfish","Sebastes emphaeus","rockfishes",,FALSE,FALSE,"PUGROCK"
132,"ROCKQUI","Fish","Quillback rockfish","Sebastes maliger","rockfishes","Quillback rockfish ../FishPhotos/QuillbackRockfish",FALSE,TRUE,"QUIROCK"
134,"ROCKRED","Fish","Redstripe rockfish","Sebastes proriger","rockfishes","Redstripe rockfish ../FishPhotos/RedstripeRockfish",FALSE,FALSE,"REDROCK"
140,"ROCKRUF","Fish","Rougheye rockfish","Sebastes aleutianus","rockfishes","Rougheye rockfish ../FishPhotos/RougheyeRockfish",FALSE,TRUE,"RUFROCK"
171,"ROCKSIL","Fish","Silvergray rockfish","Sebastes brevispinis","rockfishes","Silvergray rockfish ../FishPhotos/SilvergrayRockfish",FALSE,FALSE,"SILROCK"
202,"ROCKTIGR","Fish","Tiger rockfish","Sebastes nigrocinctus","rockfishes","Tiger rockfish ../FishPhotos/TigerRockfish",FALSE,TRUE,"TIGROCK"
253,"ROCKYEL","Fish","Yelloweye rockfish","Sebastes ruberrimus","rockfishes","Yelloweye rockfish ../FishPhotos/YelloweyeRockfish",FALSE,TRUE,"YELROCK"
255,"ROCKYT","Fish","Yellowtail rockfish","Sebastes flavidus","rockfishes","Yellowtail rockfish ../FishPhotos/YellowtailRockfish",FALSE,TRUE,"YTROCK"
5,"RONQLAK","Fish","Alaskan ronquil","Bathymaster caeruleofasciatus","ronquils",,FALSE,FALSE,"AKRONQL"
113,"RONQLNOR","Fish","Northern ronquil","Ronquilus jordani","ronquils",,FALSE,FALSE,"NRONQL"
177,"RONQLSM","Fish","Smallmouth ronquil","Bathymaster leurolepis","ronquils",,FALSE,FALSE,"SMRONQL"
141,"SABLEF","Fish","Sablefish","Anoplopoma fimbria","sablefishes",,FALSE,TRUE,"SABLE"
36,"SALCHIN","Fish","Chinook salmon","Oncorhynchus tshawytscha","trouts and salmons",,FALSE,TRUE,"CHINSAL"
38,"SALCHUM","Fish","Chum salmon","Oncorhynchus keta","trouts and salmons","Chum salmon ../FishPhotos/ChumSalmon",FALSE,TRUE,"CHUMSAL"
44,"SALCOHO","Fish","Coho salmon","Oncorhynchus kisutch","trouts and salmons","Coho salmon ../FishPhotos/CohoSalmon",FALSE,TRUE,"COHOSAL"
124,"SALPINK","Fish","Pink salmon","Oncorhynchus gorbuscha","trouts and salmons","Pink salmon ../FishPhotos/PinkSalmon",FALSE,TRUE,"PINKSAL"
185,"SALSOCK","Fish","Sockeye salmon","Oncorhynchus nerka","trouts and salmons",,FALSE,TRUE,"SOCKSAL"
128,"SANDFSHP","Fish","Pacific sandfish","Trichodon trichodon","sandfishes","Pacific sandfish ../FishPhotos/PacificSandfish",TRUE,TRUE,"PSANDF"
373,"SANDLNCA","Fish","Arctic sand lance","Ammodytes hexapterus","sandlances",,TRUE,TRUE,"SANDLNCA"
129,"SANDLNCP","Fish","Pacific sand lance","Ammodytes personatus","sandlances","Pacific sand lance ../FishPhotos/PacificSandlance",TRUE,TRUE,"PSANDL"
421,"SCALOPRO","Invertebrates","Rock scallop",,,,FALSE,FALSE,
434,"SCALOPSM","Invertebrates","Smooth pink scallop","Chlamys rubida",,,FALSE,FALSE,
357,"SCUL2HRN","Fish","Twohorn sculpin","Icelus bicornis","sculpins",,FALSE,FALSE,"SCUL2HRN"
85,"SCUL4HRN","Fish","Fourhorn sculpin","Myoxocephalus quadricornis","sculpins","Fourhorn sculpin ../FishPhotos/FourhornSculpin",FALSE,FALSE,"HRNSCUL"
9,"SCULANT","Fish","Antlered sculpin","Enophrys diceraus","sculpins",,FALSE,TRUE,"ANTSCUL"
12,"SCULARC","Fish","Arctic sculpin","Myoxocephalus scorpioides","sculpins",,FALSE,TRUE,"ARCSCUL"
547,"SCULARCH","Fish","Arched sculpin","Sigmistes smithi","sculpins",,FALSE,FALSE,
14,"SCULARMR","Fish","Armorhead sculpin","Gymnocanthus galeatus","sculpins","Armorhead sculpin ../FishPhotos/ArmorheadSculpin",FALSE,TRUE,"ARMSCUL"
462,"SCULARTE","Fish","unidentified Artedius sp. Sculpin","Artedius sp.","sculpins",,FALSE,FALSE,
16,"SCULASTG","Fish","Arctic staghorn sculpin","Gymnocanthus tricuspis","sculpins",,FALSE,FALSE,"ASTASCUL"
285,"SCULBB","Fish","Brightbelly sculpin","Microcottus sellaris","sculpins",,FALSE,FALSE,"BBSCUL"
282,"SCULBEL","Fish","Belligerent sculpin","Megalocottus platycephalus","sculpins",,FALSE,FALSE,"BELSCUL"
561,"SCULBIGM","Fish","Bigmouth sculpin","Hemitripterus bolini","sailfin sculpins",,FALSE,FALSE,
31,"SCULBUF","Fish","Buffalo sculpin","Enophrys bison","sculpins","Buffalo sculpin ../FishPhotos/BuffaloSculpin",FALSE,TRUE,"BUFSCUL"
354,"SCULBUT","Fish","Butterfly sculpin","Hemilepidotus papilio","sculpins",,FALSE,FALSE,"SCULBUT"
63,"SCULCRE","Fish","Crested sculpin","Blepsias bilobus","sailfin sculpins","Crested sculpin ../FishPhotos/CrestedSculpin",FALSE,TRUE,"CRESCUL"
366,"SCULEYES","Fish","Eyeshade sculpin","Nautichthys pribilovius","sailfin sculpins",,FALSE,FALSE,"SCULEYES"
78,"SCULFLU","Fish","Fluffy sculpin","Oligocottus snyderi","sculpins",,FALSE,TRUE,"FLUSCUL"
79,"SCULFRO","Fish","Frog sculpin","Myoxocephalus stelleri","sculpins","Frog sculpin ../FishPhotos/FrogSculpin",FALSE,TRUE,"FROSCUL"
80,"SCULGRT","Fish","Great sculpin","Myoxocephalus polyacanthocephalus","sculpins","Great sculpin ../FishPhotos/GreatSculpin",FALSE,TRUE,"GRTSCUL"
370,"SCULHAIR","Fish","Hairhead sculpin","Trichocottus brashnikovi","sculpins",,FALSE,FALSE,"SCULHAIR"
420,"SCULHIBR","Fish","Highbrow sculpin","Triglops metopias","sculpins",,FALSE,FALSE,
104,"SCULLEI","Fish","Leister sculpin","Enophrys lucasi","sculpins",,FALSE,TRUE,"LSCUL"
107,"SCULMAN","Fish","Manacled sculpin","Synchirus gilli","sculpins","Manacled sculpin ../FishPhotos/ManacledSculpin",FALSE,TRUE,"MANSCUL"
114,"SCULNOR","Fish","Northern sculpin","Icelinus borealis","sculpins",,FALSE,FALSE,"NSCUL"
120,"SCULPAD","Fish","Padded sculpin","Artedius fenestralis","sculpins",,FALSE,FALSE,"PADSCUL"
125,"SCULPLA","Fish","Plain sculpin","Myoxocephalus jaok","sculpins",,FALSE,TRUE,"PLASCUL"
195,"SCULPSTG","Fish","Pacific staghorn sculpin","Leptocottus armatus","sculpins",,FALSE,TRUE,"STASCUL"
133,"SCULRBCK","Fish","Roughback sculpin","Chitonotus pugetensis","sculpins",,FALSE,FALSE,"RBSCUL"
322,"SCULRIB","Fish","Ribbed sculpin","Triglops pingelii","sculpins",,FALSE,FALSE,"RIBSCUL"
139,"SCULRSPN","Fish","Roughspine sculpin","Triglops macellus","sculpins",,FALSE,TRUE,"ROUSCUL"
299,"SCULSAD","Fish","Saddleback sculpin","Oligocottus rimensis","sculpins",,FALSE,FALSE,"SADSCUL"
148,"SCULSAIL","Fish","Sailfin sculpin","Nautichthys oculofasciatus","sailfin sculpins","Sailfin sculpin ../FishPhotos/SailfinSculpin",FALSE,TRUE,"SFSCUL"
146,"SCULSCA","Fish","Scalyhead sculpin","Artedius harringtoni","sculpins",,FALSE,FALSE,"SCASCUL"
169,"SCULSHRN","Fish","Shorthorn sculpin","Myoxocephalus scorpius","sculpins",,FALSE,TRUE,"SHSCUL"
334,"SCULSHRP","Fish","Sharpnose sculpin","Clinocottus acuticeps","sculpins",,FALSE,FALSE,"SHRPSCUL"
172,"SCULSILV","Fish","Silverspotted sculpin","Blepsias cirrhosus","sailfin sculpins","Silverspotted sculpin ../FishPhotos/SilverspottedSculpin",FALSE,TRUE,"SILSCUL"
422,"SCULSLIM","Fish","Slim sculpin","Radulinus asprellus","sculpins",,FALSE,FALSE,
176,"SCULSMO","Fish","Smoothhead sculpin","Artedius lateralis","sculpins",,FALSE,TRUE,"SMOSCUL"
186,"SCULSOFT","Fish","Soft sculpin","Psychrolutes sigalutes","fathead sculpins",,FALSE,TRUE,"SOFSCUL"
313,"SCULSPAT","Fish","Spatulate sculpin","Icelus spatula","sculpins",,FALSE,FALSE,"SPATSCUL"
538,"SCULSPIN","Fish","Spinynose sculpin","Radulinus taylori",,,FALSE,FALSE,
330,"SCULSPNY","Fish","Spinyhead sculpin","Dasycottus setiger","fathead sculpins",,FALSE,FALSE,"SPNYSCUL"
200,"SCULTAD","Fish","Tadpole sculpin","Psychrolutes paradoxus","fathead sculpins",,FALSE,TRUE,"TADSCUL"
460,"SCULTHRD","Fish","Threaded sculpin","Gymnocanthus pistilliger","sculpins",,FALSE,FALSE,
476,"SCULTHRN","Fish","Thorny sculpin","Icelus spiniger","sculpins",,FALSE,FALSE,
201,"SCULTIDE","Fish","Tidepool sculpin","Oligocottus maculosus","sculpins","Tidepool sculpin ../FishPhotos/TidepoolSculpin",FALSE,TRUE,"TIDSCUL"
562,"SCULTRIG","Fish","unidentified Triglop species","Triglops sp.","sculpins",,FALSE,FALSE,
365,"SCULWRTY","Fish","Warty sculpin","Myoxocephalus verrucosus","sculpins",,FALSE,FALSE,"SCULWAR"
130,"SDABPAC","Fish","Pacific sanddab","Citharichthys sordidus","sand flounders",,FALSE,FALSE,"PSDAB"
189,"SDABSPKL","Fish","Speckled sanddab","Citharichthys stigmaeus","sand flounders",,FALSE,FALSE,"SPKSDAB"
340,"SEALICE","Invertebrates","unidentified sea lice",,,,FALSE,FALSE,"SEALICE"
527,"SEAPEN","Invertebrates","Sea pen","Pennatulacea",,,FALSE,FALSE,
147,"SEARCHR","Fish","Searcher","Bathymaster signatus","ronquils","Searcher ../FishPhotos/Searcher",FALSE,FALSE,"SEARCHR"
266,"SEASPDR","Invertebrates","Sea spider",,,,FALSE,FALSE,"SEASPDR"
382,"SHAB","Other","shell-like debris",,,,FALSE,FALSE,"SHAB"
15,"SHANNYAR","Fish","Arctic shanny","Stichaeus punctatus","pricklebacks","Arctic shanny ../FishPhotos/ArcticShanny",FALSE,TRUE,"ASHANNY"
326,"SHANNYDA","Fish","Daubed shanny","Leptoclinus maculatus","pricklebacks",,FALSE,FALSE,"DSHANNY"
358,"SHARKSAL","Fish","Salmon shark","Lamna ditropis","white sharks",,FALSE,FALSE,"SHARKSAL"
475,"SHRKDOG","Fish","Spiny dogfish","Squalus acanthias","dogfish sharks",,FALSE,FALSE,
488,"SHRMAKC","Invertebrates","Alaska coastal shrimp","Heptacarpus moseri",,,FALSE,FALSE,
403,"SHRMARG","Invertebrates","Arctic argid shrimp","Argis dentata, Crangonidae",,,FALSE,FALSE,
402,"SHRMBAY","Invertebrates","Alaskan bay shrimp","Crangon alaskensis, Crangonidae",,,FALSE,FALSE,
256,"SHRMBLD","Invertebrates","blade shrimp",,,,FALSE,FALSE,"SHRMBLD"
428,"SHRMCARG","Invertebrates","Common argid shrimp","Argis alaskensis",,,FALSE,FALSE,
492,"SHRMCNDY","Invertebrates","Candy stripe shrimp","Lebbeus grandimana",,,FALSE,FALSE,
150,"SHRMCOO","Invertebrates","Coonstripe shrimp","Pandalus hypsinotus",,,FALSE,FALSE,"SHRMCOO"
151,"SHRMCR","Invertebrates","Crangon shrimp","Crangon sp.",,,FALSE,FALSE,"SHRMCR"
461,"SHRMCRAK","Invertebrates","Alaska crangon shrimp","Crangon alaskensis",,,FALSE,FALSE,
152,"SHRMDB","Invertebrates","deep blade shrimp",,,,FALSE,FALSE,"SHRMDB"
153,"SHRMDOC","Invertebrates","Dock shrimp",,,,FALSE,FALSE,"SHRMDOC"
343,"SHRMGHO","Invertebrates","ghost shrimp",,,,FALSE,FALSE,"SHRMGHO"
565,"SHRMGLS","Invertebrates","Glass shrimp","Pasiphaea pacifica",,,FALSE,FALSE,
154,"SHRMGRA","Invertebrates","Grass shrimp","Hippolyte clarki",,,FALSE,FALSE,"SHRMGRA"
155,"SHRMHEP","Invertebrates","unident. Heptacarpus shrimp",,,,FALSE,FALSE,"SHRMHEP"
156,"SHRMHIP","Invertebrates","unidentified hippolytid shrimp (""brokenback"")","Hippolytidae",,,FALSE,FALSE,"SHRMHIP"
473,"SHRMHUM","Invertebrates","Humpy shrimp","Pandalus goniurus",,,FALSE,FALSE,
381,"SHRMLEB","Invertebrates","unidentified lebbeid shrimp",,,,FALSE,FALSE,"SHRMLEBS"
158,"SHRMNC","Invertebrates","Northern crangon shrimp",,,,FALSE,FALSE,"SHRMNC"
511,"SHRMNH","Invertebrates","Northern hooded shrimp","Betaeus harrimani",,,FALSE,FALSE,
159,"SHRMPAN","Invertebrates","unidentified Pandalid shrimp",,,,FALSE,FALSE,"SHRMPAN"
328,"SHRMPNK","Invertebrates","Alaskan pink shrimp","Pandalus eous",,,FALSE,FALSE,"SHRMPNK"
265,"SHRMRHI","Invertebrates","Rhino shrimp",,,,FALSE,FALSE,"SHRMRHI"
160,"SHRMROU","Invertebrates","Rough patch shrimp","Pandalus stenolepis",,,FALSE,FALSE,"SHRMROU"
474,"SHRMSCU","Invertebrates","Sculptured shrimp","Sclerocrangon boreas",,,FALSE,FALSE,
161,"SHRMSID","Invertebrates","Sidestripe shrimp",,,,FALSE,FALSE,"SHRMSID"
532,"SHRMSIT","Invertebrates","Sitka shrimp","Heptacarpus sitchensis",,,FALSE,FALSE,
162,"SHRMSK","Invertebrates","Skeleton shrimp",,,,FALSE,FALSE,"SHRMSK"
157,"SHRMSLEB","Invertebrates","Spiny lebbeid shrimp",,,,FALSE,FALSE,"SHRMLEB"
533,"SHRMSLEN","Invertebrates","Slender shrimp","Heptacarpus tenuissimus",,,FALSE,FALSE,
163,"SHRMSPO","Invertebrates","Spot prawn","Pandalus platyceros",,,FALSE,FALSE,"SHRMSPO"
164,"SHRMSTC","Invertebrates","Stout coastal shrimp",,,,FALSE,FALSE,"SHRMSTC"
165,"SHRMSTI","Invertebrates","Stiletto shrimp","Heptacarpus stylus",,,FALSE,FALSE,"SHRMSTI"
166,"SHRMSTO","Invertebrates","Stout shrimp",,,,FALSE,FALSE,"SHRMSTO"
167,"SHRMSTP","Invertebrates","Stimpson's shrimp",,,,FALSE,FALSE,"SHRMSTP"
168,"SHRMTAN","Invertebrates","Tank shrimp",,,,FALSE,FALSE,"SHRMTAN"
430,"SHRMTWN","Invertebrates","Townsend's eualid","Eualus townsendi",,,FALSE,FALSE,
325,"SKATEBIG","Fish","Big skate","Raja binoculata","skates",,FALSE,FALSE,"BIGSKATE"
292,"SMELTLF","Fish","Longfin smelt","Spirinchus thaleichthys","smelts",,TRUE,FALSE,"LFSMELT"
301,"SMELTPND","Fish","Pond smelt","Hypomesus olidus","smelts",,FALSE,FALSE,"PNDSMELT"
264,"SMELTRBW","Fish","Rainbow smelt","Osmerus mordax","smelts",,TRUE,TRUE,"RBWSMELT"
199,"SMELTSUR","Fish","Surf smelt","Hypomesus pretiosus","smelts","Surf smelt ../FishPhotos/SurfSmelt",TRUE,TRUE,"SUSMELT"
308,"SNAILBB","Invertebrates","Baer's buccinum snail","Buccinum baeri",,,FALSE,FALSE,"SNAILBB"
178,"SNAILBT","Invertebrates","Brown turban snail","Tegula pulligo",,,FALSE,FALSE,"SNAILBT"
530,"SNAILBUC","Invertebrates","Serelisia snail","Buccinidae",,,FALSE,FALSE,
493,"SNAILCER","Invertebrates","Cerith snail","Bittium attenuatum",,,FALSE,FALSE,
494,"SNAILDW","Invertebrates","Dire whelk","Librabuccinum dirum",,,FALSE,FALSE,
497,"SNAILFD","Invertebrates","Frilled dogwinkle","Nucella lamellosa",,,FALSE,FALSE,
360,"SNAILFFE","Fish","Festive snailfish","Liparis marmoratus","snailfishes",,FALSE,FALSE,"SNAILFFE"
359,"SNAILFGE","Fish","Gelatinous snailfish","Liparis fabricii","snailfishes",,FALSE,FALSE,"SNAILFGE"
98,"SNAILFKE","Fish","Kelp snailfish","Liparis tunicatus","snailfishes",,FALSE,FALSE,"KESNAILF"
324,"SNAILFLI","Fish","unidentified Liparis snailfish","Liparis sp.","snailfishes",,FALSE,FALSE,"LISNAILF"
548,"SNAILFLO","Fish","Lobefin snailfish","Liparis greeni","snailfishes",,FALSE,FALSE,
508,"SNAILFMA","Invertebrates","Marbled snailfish","Liparis dennyi",,,FALSE,FALSE,
309,"SNAILFO","Invertebrates","Hairy triton snail","Fusitriton oregonensis",,,FALSE,FALSE,"SNAILFO"
305,"SNAILFRI","Fish","Ribbon snailfish","Liparis cyclopus","snailfishes",,FALSE,FALSE,"RSNAILF"
311,"SNAILFRT","Fish","Ringtail snailfish","Liparis rutteri","snailfishes",,FALSE,FALSE,"RTSNAILF"
170,"SNAILFSH","Fish","Showy snailfish","Liparis pulchellus","snailfishes",,FALSE,FALSE,"SHSNAILF"
553,"SNAILFSL","Fish","Slipskin snailfish","Liparis fucensis","snailfishes",,FALSE,FALSE,
293,"SNAILFSP","Fish","Spotted snailfish","Liparis callyodon","snailfishes",,FALSE,FALSE,"SPSNAILF"
203,"SNAILFTI","Fish","Tidepool snailfish","Liparis florae","snailfishes",,FALSE,FALSE,"TISNAILF"
300,"SNAILFVA","Fish","Variegated snailfish","Liparis gibbus","snailfishes",,FALSE,FALSE,"VASNAILF"
446,"SNAILFW","Invertebrates","Fat whelk","Neptunea ventricosa",,,FALSE,FALSE,
505,"SNAILLAC","Invertebrates","Lacuna snail","Lacuna sp.",,,FALSE,FALSE,
179,"SNAILLH","Invertebrates","Leafy horn mouth snail",,,,FALSE,FALSE,"SNAILLH"
506,"SNAILLOR","Invertebrates","Lora whelk","Lora sp. ",,,FALSE,FALSE,
180,"SNAILLV","Invertebrates","Variegated chink","Lacuna varigata",,,FALSE,FALSE,"SNAILLV"
509,"SNAILMA","Invertebrates","Margarite snail","Margarites sp.",,,FALSE,FALSE,
181,"SNAILMM","Invertebrates","Smooth margarites","Margarites marginatus",,,TRUE,FALSE,"SNAILMM"
335,"SNAILMOO","Invertebrates","unidentfied moon snail",,,,FALSE,FALSE,"SNAILMOO"
439,"SNAILNL","Invertebrates","Northern lacuna","Lacuna vincta",,,FALSE,FALSE,
329,"SNAILOB","Invertebrates","Beatic olve snail","Olivella betica",,,FALSE,FALSE,"SNAILOB"
404,"SNAILOHT","Invertebrates","Oregon hairy triton","Fusitriton oregonensis, Ranellidae",,,FALSE,FALSE,
341,"SNAILOLV","Invertebrates","Olive snail",,,,FALSE,FALSE,"SNAILOLV"
291,"SNAILPER","Invertebrates","Periwinkle snail",,,,FALSE,FALSE,"SNAILPER"
182,"SNAILPM","Invertebrates","Puppet margarites","Margarites pupillus",,,FALSE,FALSE,"SNAILMP"
406,"SNAILPWF","Invertebrates","Pacific wingfoot snail","Gastropteron pacificum, Gastropteridae",,,FALSE,FALSE,
183,"SNAILRT","Invertebrates","Red turban snail",,,,FALSE,FALSE,"SNAILRT"
431,"SNAILRW","Invertebrates","Ribbed whelk","Neptunea lyrata, Buccinidae",,,FALSE,FALSE,
445,"SNAILSB","Invertebrates","Silky buccinum","Buccinum scalariforme",,,FALSE,FALSE,
539,"SNAILSD","Invertebrates","Striped dogwinkle","Nucella emarginata",,,FALSE,FALSE,
540,"SNAILTOP","Invertebrates","Topsnail","Calliostoma sp.",,,FALSE,FALSE,
541,"SNAILTW","Invertebrates","Turban whelk","Buccinum sp.",,,FALSE,FALSE,
448,"SNAILVEL","Invertebrates","unidentified Velutina snail","Velutina species",,,FALSE,FALSE,
542,"SNAILVS","Invertebrates","Varicose solarelle","Solariella varicosa",,,FALSE,FALSE,
451,"SNAILWD","Invertebrates","Wrinkled dove snail","Amphissa columbiana",,,FALSE,FALSE,
400,"SNAILWLK","Invertebrates","Whelk snail","Neptunea sp., Buccinidae",,,FALSE,FALSE,
416,"SNDDLR","Invertebrates","Sanddollar",,,,FALSE,FALSE,
441,"SNDDLRC","Invertebrates","Common sand dollar","Echinarachinus parma",,,FALSE,FALSE,
2,"SNKBLNY4","Fish","Fourline snakeblenny","Eumesogrammus praecisus","pricklebacks",,FALSE,FALSE,"4LNBLNY"
32,"SOLEBUT","Fish","Butter sole","Isopsetta isolepis","righteye flounders",,FALSE,TRUE,"BUTSOLE"
47,"SOLECO","Fish","C-O sole","Pleuronichthys coenosus","righteye flounders","C-O sole ../FishPhotos/C-Osole",FALSE,FALSE,"COSOLE"
297,"SOLEDOV","Fish","Dover sole","Microstomus pacificus","righteye flounders",,FALSE,FALSE,"DOVSOLE"
72,"SOLEENG","Fish","English sole","Parophrys vetulus","righteye flounders",,FALSE,TRUE,"ENGSOLE"
77,"SOLEFLTH","Fish","Flathead sole","Hippoglossoides elassodon","righteye flounders",,FALSE,TRUE,"FLTSOLE"
551,"SOLEPET","Fish","Petrale sole","Eopsetta jordani","righteye flounders",,FALSE,FALSE,
467,"SOLEREX","Fish","Rex sole","Glyptocephalus zachirus","righteye flounders",,FALSE,FALSE,
137,"SOLEROC","Fish","Rock sole","Lepidopsetta spp.","righteye flounders","Rock sole ../FishPhotos/RockSole",FALSE,TRUE,"ROCSOLE"
459,"SOLEROCN","Fish","Northern rock sole","Lepidopsetta polyxystra","righteye flounders",,FALSE,FALSE,
536,"SOLEROCS","Fish","Southern rock sole","Lepidopsetta bilineata",,,FALSE,FALSE,
143,"SOLESAK","Fish","Sakhalin sole","Limanda sakhalinensis","righteye flounders",,FALSE,FALSE,"SAKSOLE"
144,"SOLESAN","Fish","Sand sole","Psettichthys melanostictus","righteye flounders",,FALSE,TRUE,"SANSOLE"
174,"SOLESLE","Fish","Slender sole","Lyopsetta exilis","righteye flounders",,FALSE,FALSE,"SLESOLE"
254,"SOLEYEL","Fish","Yellowfin sole","Limanda aspera","righteye flounders","Yellowfin sole ../FishPhotos/YellowfinSole",FALSE,TRUE,"YELSOLE"
379,"SPONGE","Invertebrates","unidentified sponge","Order Poecilosclerida",,,FALSE,FALSE,"SPONGE"
405,"SPONGEOF","Invertebrates","Orange finger sponge","Neoesperiopsis rigida, Isodictyidae",,,FALSE,FALSE,
435,"SPONGESM","Invertebrates","Smooth scallop sponge","Mycale adhaerens",,,FALSE,FALSE,
559,"SQUID","Invertebrates","unidentified squid","Superorder Decapodiformes",,,FALSE,FALSE,
484,"SQUIDBOB","Invertebrates","North Pacific bobtail ""stubby squid""","Rossia pacifica",,,FALSE,FALSE,
190,"STAR6ARM","Invertebrates","6-armed seastar","Leptasterias epichlora",,,FALSE,FALSE,"STAR6ARM"
489,"STARBAT","Invertebrates","Bat star","Asterina miniata",,,FALSE,FALSE,
396,"STARBLD","Invertebrates","Blood star","Henrisha sp.",,,FALSE,FALSE,
443,"STARBLSP","Invertebrates","Black spined star","Lethasterias nanimensis",,,FALSE,FALSE,
380,"STARBSKT","Invertebrates","unidentified basketstar",,,,FALSE,FALSE,"STARBSKT"
500,"STARGP","Invertebrates","Gian pink star","Pisaster brevispinus",,,FALSE,FALSE,
192,"STARLEA","Invertebrates","Leather star","Dermasterias imbricata",,,FALSE,FALSE,"STARLEA"
193,"STARMOT","Invertebrates","Mottled seastar","Evastarias troschelii",,,FALSE,FALSE,"STARMOT"
393,"STARNP","Invertebrates","Northern Pacific seastar","Asterias amurensis",,,FALSE,FALSE,
194,"STARPYCN","Invertebrates","Sunflower sea star","Pycnopodia helianthoides",,,FALSE,FALSE,"STARPYCN"
522,"STARRB","Invertebrates","Redbanded sea star","Orthasterias koehleri",,,FALSE,FALSE,
414,"STARRBW","Invertebrates","Rainbow sea star","Orthasterias koehleri",,,FALSE,FALSE,
415,"STARROSE","Invertebrates","Rose sea star","Crossaster papposus",,,FALSE,FALSE,
196,"STEELHD","Fish","Steelhead trout","Oncorhynchus mykiss","trouts and salmons","Steelhead trout ../FishPhotos/SteelheadTrout",FALSE,FALSE,"STEEL"
1,"STICK3","Fish","Threespine stickleback","Gasterosteus aculeatus","sticklebacks","Threespine stickleback ../FishPhotos/ThreespineStickleback",FALSE,FALSE,"3STICK"
3,"STICK9","Fish","Ninespine stickleback","Pungitius pungitius","sticklebacks",,FALSE,FALSE,"9STICK"
280,"TBWRM","Invertebrates","unidentified calcareous tubeworm","Class Polychaeta",,,FALSE,FALSE,"WRMTUBE"
453,"TBWRMCEM","Invertebrates","Cemented sandmason tubeworm","Neosabellaria cementarium",,,FALSE,FALSE,
496,"TBWRMFR","Invertebrates","Fragile tube worm","Salmacina tribranchiata",,,FALSE,FALSE,
440,"TBWRMRED","Invertebrates","Red calcareous tubeworm","Serpula columbiana",,,FALSE,FALSE,
456,"TBWRMW","Invertebrates","Western calcareous tubeworm","Pseudochitinopoma occidentalis",,,FALSE,FALSE,
67,"TROUTCUT","Fish","Cutthroat trout","Oncorhynchus clarkii","trouts and salmons","Cutthroat trout ../FishPhotos/CutthroatTrout",FALSE,FALSE,"CUTTH"
465,"TROUTRBW","Fish","Rainbow trout","Oncorhynchus mykiss","trouts and salmons",,FALSE,FALSE,
206,"TUBESNT","Fish","Tubesnout","Aulorhynchus flavidus","tubesnouts","Tubesnout ../FishPhotos/Tubesnout",FALSE,FALSE,"TUBESNT"
207,"TUBWRMSP","Invertebrates","little calcareous tube worm, epiphytic on eelgrass and kelp","Spirorbidae ",,,FALSE,FALSE,"TUBWRMSP"
208,"TUBWRMSR","Invertebrates","medium tube worm (shag rug)","Class Polychaeta",,,FALSE,FALSE,"TUBWRMSR"
209,"TUNICAT","Invertebrates","unidentified Tunicate","Class Ascidiacea",,,FALSE,FALSE,"TUNICAT"
490,"TUNICATB","Invertebrates","Brooding tunicate","Corella inflata",,,FALSE,FALSE,
210,"TUNICBL","Invertebrates","unidentified tunicate ball","Class Ascidiacea",,,FALSE,FALSE,"TUNICBL"
442,"TUNICSP","Invertebrates","Sea peach","Halocynthia aurantium",,,FALSE,FALSE,
6,"UNAMPH","Invertebrates","unidentified amphipods","Suborder Gammaridea",,,FALSE,FALSE,"AMPHIPOD"
419,"UNANEN","Invertebrates","unidentified anenome","Order Actiniaria",,,FALSE,FALSE,
27,"UNBRYOZ","Invertebrates","unidentified bryozoan","Phylum Bryozoa",,,FALSE,FALSE,"BRYOZOAN"
212,"UNBSNAIL","Invertebrates","unidentified bubble snail",,,,FALSE,FALSE,"UNBSNAIL"
278,"UNCHITON","Invertebrates","unidentified chiton","Order Chitonida",,,FALSE,FALSE,"UNCHITON"
213,"UNCISC","Fish","unidentified cisco","Coregonus spp.","trouts and salmons",,FALSE,FALSE,"UNCISC"
271,"UNCLAM","Invertebrates","unidentified clam",,,,FALSE,FALSE,"UNCLAM"
214,"UNCLING","Fish","Juvenile clingfish","Gobiescocidae","clingfishes",,FALSE,FALSE,"UNCLING"
336,"UNCOCKL","Invertebrates","unidentified cockle","Cardiidae",,,FALSE,FALSE,"UNCOCKL"
215,"UNCOD","Fish","Juvenile cod","Gadidae","cods",,FALSE,FALSE,"UNCOD"
216,"UNCRAB","Invertebrates","unidentified crab","Order Decapoda",,,FALSE,FALSE,"UNCRAB"
217,"UNCUC","Invertebrates","unidentified sea cucumber","Order Dendrochiotida",,,FALSE,FALSE,"UNCUC"
372,"UNEBLNY","Fish","Juvenile eelblenny",,"pricklebacks",,FALSE,FALSE,"UNEBLNY"
371,"UNEPOUT","Fish","Juvenile eelpout",,"eelpouts",,FALSE,FALSE,"UNEPOUT"
376,"UNFISH","Fish","unidentified fish",,"bony fishes",,FALSE,FALSE,"UNFISH"
219,"UNFLAT","Fish","Juvenile flatfish","Pleuronectidae","righteye flounders",,FALSE,FALSE,"UNFLAT"
558,"UNFSHRND","Fish","unidentified roundfish",,,,FALSE,FALSE,
501,"UNGOBY","Fish","unidentified goby",,,,FALSE,FALSE,
220,"UNGREEN","Fish","Juvenile greenling","Hexagrammidae","greenlings","Juvenile greenling ../FishPhotos/Greenling",FALSE,FALSE,"UNGREEN"
221,"UNGUNN","Fish","Juvenile gunnel","Pholidae","gunnels",,FALSE,TRUE,"UNGUNN"
423,"UNHCRAB","Invertebrates","unidentified hermit crab","Paguridae",,,FALSE,FALSE,
375,"UNICEL","Fish","Juvenile Icelus sculpin","Icelus species","sculpins",,FALSE,FALSE,"UNICEL"
337,"UNINVERT","Invertebrates","unidentified invertebrate",,,,FALSE,FALSE,"UNINVERT"
222,"UNISOPOD","Invertebrates","Isopod",,,,FALSE,FALSE,"UNISOPOD"
223,"UNJLY","Invertebrates","unidentified jellyfish",,,,FALSE,FALSE,"UNJLY"
224,"UNKRILL","Invertebrates","unidentified krill",,,,FALSE,FALSE,"UNKRILL"
225,"UNLARV","Fish","Fish larvae","Division Teleostei","bony fishes",,FALSE,FALSE,"UNLARV"
226,"UNLIMPET","Invertebrates","unidentified limpet","Lottidae",,,FALSE,FALSE,"UNLIMPET"
227,"UNLORD","Fish","Juvenile Irish lord","Cottidae","sculpins",,FALSE,FALSE,"UNLORD"
464,"UNLRVFOR","Fish","unidentified larval forage fish","Division Teleostei",,,FALSE,FALSE,
463,"UNLRVFSH","Fish","unidentified larval fish","Division Teleostei",,,FALSE,FALSE,
557,"UNLRVPR","Fish","unidentified larval prickleback","Stichaeidae","pricklebacks",,FALSE,FALSE,
228,"UNLUMP","Fish","Juvenile lumpsucker","Cyclopteridae","lumpsuckers",,FALSE,FALSE,"UNLUMP"
272,"UNMUSSL","Invertebrates","unidentified mussel",,,,FALSE,FALSE,"UNMUSSL"
303,"UNMYOXO","Fish","Juvenile Myoxocephalus","Myoxocephalus sp.","sculpins",,FALSE,FALSE,"UNMYOXO"
229,"UNMYSID","Invertebrates","unidentified mysid",,,,FALSE,FALSE,"UNMYSID"
230,"UNNUD","Invertebrates","unidentified nudibranch",,,,FALSE,FALSE,"UNNUD"
231,"UNPOA","Fish","Juvenile poacher","Agonidae","poachers",,FALSE,FALSE,"UNPOA"
232,"UNPRICK","Fish","Juvenile prickleback","Stichaeidae","pricklebacks",,FALSE,FALSE,"UNPRICK"
389,"UNPRICKL","Fish","Juvenile Lumpenus prickleback","Lumpenus species","pricklebacks",,FALSE,FALSE,"UNLUMPEN"
233,"UNROCK","Fish","Juvenile rockfish","Scorpaenidae","rockfishes",,FALSE,FALSE,"UNROCK"
306,"UNRONQL","Fish","Juvenile ronquil","Bathymasteridae","ronquils",,FALSE,FALSE,"UNRONQL"
234,"UNSAL","Fish","Juvenile salmonid","Salmoninae","trouts and salmons",,FALSE,FALSE,"UNSAL"
525,"UNSALP","Invertebrates","Salp","Thaliacea unident.",,,FALSE,FALSE,
235,"UNSCALOP","Invertebrates","unidentified scallop",,,,FALSE,FALSE,"UNSCALOP"
236,"UNSCUL","Fish","Juvenile sculpin","Cottidae","sculpins",,FALSE,FALSE,"UNSCUL"
526,"UNSDAB","Fish","unidentified sanddab","Citharichthys sp.",,,FALSE,FALSE,
238,"UNSHRM","Invertebrates","unidentified shrimp",,,,FALSE,FALSE,"UNSHRM"
239,"UNSMELT","Fish","Juvenile smelt","Osmeridae","smelts",,FALSE,FALSE,"UNSMELT"
273,"UNSNAIL","Invertebrates","unidentified snail",,,,FALSE,FALSE,"UNSNAIL"
240,"UNSNAILF","Fish","Juvenile snailfish","Liparidae","snailfishes",,FALSE,FALSE,"UNSNAILF"
528,"UNSQRT","Invertebrates","Sea squirt","Ascidian unident.",,,FALSE,FALSE,
241,"UNSTAR","Invertebrates","unidentified seastar",,,,FALSE,FALSE,"UNSTAR"
374,"UNSTICK","Fish","Juvenile stickleback",,"sticklebacks",,FALSE,FALSE,"UNSTICK"
242,"UNTROUT","Fish","Juvenile trout","Salmoninae","trouts and salmons",,FALSE,FALSE,"UNTROUT"
245,"UNURCHIN","Invertebrates","unidentified urchin",,,,FALSE,FALSE,"URCHIN"
274,"UNWHITE","Fish","unidentified whitefish","Coregoninae","whitefishes",,FALSE,FALSE,"UNWHITE"
243,"UNWRM","Invertebrates","unidentified worm",,,,FALSE,FALSE,"UNWRM"
244,"URCHGRN","Invertebrates","Green urchin","Strongylocentrotus droebachiensis",,,FALSE,FALSE,"URCHGRN"
521,"URCHRED","Invertebrates","Red sea urchin","Strongylocentrotus franciscanus",,,FALSE,FALSE,
348,"WHITEBRO","Fish","Broad whitefish","Coregonus nasus","trouts and salmons",,FALSE,FALSE,"WHITEBRO"
349,"WHITEHUM","Fish","Humpback whitefish","Coregonus pidschian","trouts and salmons",,FALSE,FALSE,"WHITEHUM"
369,"WHITEROU","Fish","Round whitefish","Prosopium cylindraceum","trouts and salmons",,FALSE,FALSE,"WHITEROU"
248,"WOLFEEL","Fish","Wolf-eel","Anarrhichthys ocellatus","wolffishes",,FALSE,FALSE,"WOLFEEL"
468,"WOLFSHBE","Fish","Bering wolffish","Anarhichas orientalis","wolffishes",,FALSE,FALSE,
275,"WRMARRW","Invertebrates","Arrow worm","Chaetaganath sp.",,,FALSE,FALSE,"WRMARRW"
249,"WRMCLM","Invertebrates","clam worm","Nereis vexillosa",,,FALSE,FALSE,"WRMCLM"
250,"WRMFD","Invertebrates","feather duster worm","Scizobranchia insignis",,,FALSE,FALSE,"WRMFD"
495,"WRMFLAT","Invertebrates","unidentified flatworm","Platyhelminthes",,,FALSE,FALSE,
510,"WRMNEM","Invertebrates","Nemertean worm","Nemertea",,,FALSE,FALSE,
512,"WRMOLIG","Invertebrates","Oligochaete worm","Polychaeta",,,FALSE,FALSE,
518,"WRMPILE","Invertebrates","Pile worm","Nereis sp.",,,FALSE,FALSE,
261,"WRMPNUT","Invertebrates","Peanut worm",,,,FALSE,FALSE,"WRMPNUT"
523,"WRMRBN","Invertebrates","Ribbon worm","Nemertea",,,FALSE,FALSE,
524,"WRMRND","Invertebrates","Roundworm","Nematoda",,,FALSE,FALSE,
251,"WRMSCA","Invertebrates","Scaleworm",,,,FALSE,FALSE,"WRMSCA"
485,"WRMSCA18","Invertebrates","18-scaled worm","Halosydna brevisetosa",,,FALSE,FALSE,
529,"WRMSEG","Invertebrates","Segmented worm","Polychaeta",,,FALSE,FALSE,
537,"WRMSPG","Invertebrates","Spaghetti worm","Terebellidae",,,FALSE,FALSE,
385,"WRMSPN","Invertebrates","unidentified spoon worm","Echiuran species",,,FALSE,FALSE,"WRMSPN"
270,"WRMSTCK","Invertebrates","stick worm",,,,FALSE,FALSE,"WRMSTCK"
252,"WRMTUSK","Invertebrates","tusk worm","Pectinaria granulata",,,FALSE,FALSE,"WRMTUSK"
481,"WRYMTHD","Fish","Dwarf wrymouth","Cryptacanthodes aaleutensis","wrymouths",,FALSE,FALSE,
480,"WRYMTHG","Fish","Giant wrymouth","Cryptacanthodes giganteus","wrymouths",,FALSE,FALSE,
